,prdtypecode
10,1560
12,1281
17,2522
18,1140
31,40
33,2522
34,40
35,2060
47,40
51,2403
54,2403
81,1300
88,1280
92,1920
96,2403
98,1140
109,1160
112,2280
114,1302
117,2583
127,2280
128,1280
130,2583
136,1280
155,1160
158,1560
165,50
195,40
202,1280
210,2522
214,1280
219,1300
222,2280
225,1160
228,1160
229,1281
236,2403
237,1300
247,10
252,40
271,1560
279,1281
282,40
285,2280
286,2403
288,1160
300,10
302,2582
322,2705
324,2462
327,1280
330,1281
331,1280
335,10
339,2585
348,1300
349,1280
364,1140
366,2462
370,1140
381,1300
390,1140
396,1140
400,1281
402,1300
403,10
409,1140
416,2403
439,1280
442,1940
449,2462
456,2582
458,2403
476,40
484,1280
495,1280
517,2280
518,2280
540,1560
546,2403
552,1280
556,40
575,2582
578,2462
580,10
586,1160
588,1320
594,1280
601,1300
609,1280
612,1280
613,10
622,10
624,10
634,2522
649,2582
666,1180
667,1160
671,1920
678,1281
681,2280
683,2522
684,2403
686,1160
697,40
703,10
714,1560
719,2583
721,1180
733,1281
750,1160
755,1300
756,1280
765,2462
766,2280
776,50
780,2060
783,1280
786,2522
792,2060
810,1140
814,1160
816,2582
821,1300
827,2462
828,2582
834,1140
845,1280
858,1281
859,40
862,2582
868,1160
889,1140
892,2462
895,2280
899,2060
900,2462
901,1300
904,2060
909,1300
913,1281
916,1140
923,1160
924,2220
930,1281
936,2582
956,2582
965,1160
974,1300
981,2280
986,2220
999,1180
1011,50
1012,40
1031,1320
1032,1180
1033,1160
1034,50
1035,2403
1036,1160
1039,40
1051,1281
1053,10
1059,2522
1061,1160
1064,2280
1065,1140
1068,2705
1076,1160
1078,1560
1081,2522
1082,1300
1083,50
1088,2060
1089,1160
1094,1281
1119,50
1132,2905
1143,1560
1152,40
1169,40
1197,2280
1203,1280
1204,1280
1205,1300
1208,10
1213,2403
1214,1160
1218,10
1222,2905
1237,1160
1240,2280
1241,1280
1255,2582
1261,1160
1265,1300
1266,2462
1268,2403
1271,1300
1276,1280
1280,1140
1286,1140
1290,2220
1296,40
1299,1140
1301,2280
1302,1140
1324,1940
1326,1140
1330,1560
1343,1280
1345,2403
1346,2582
1354,2403
1361,1920
1362,1280
1370,1301
1375,2705
1380,1300
1389,2582
1391,1280
1407,1160
1411,1160
1413,2280
1425,1280
1437,1140
1443,2462
1450,1140
1459,2280
1462,10
1464,2462
1466,1560
1479,1300
1490,2403
1494,2705
1499,1160
1516,1160
1520,1180
1521,50
1531,1300
1536,1160
1542,1140
1547,50
1555,40
1566,10
1572,2280
1574,1160
1584,2462
1591,10
1621,1280
1639,1280
1666,10
1668,1140
1679,2403
1682,60
1697,1180
1706,1302
1727,1280
1736,2403
1751,1140
1754,1140
1758,2582
1763,50
1766,10
1768,1320
1777,1280
1794,1560
1808,1302
1811,1920
1815,1281
1818,40
1822,1300
1830,2582
1837,2403
1844,1180
1848,60
1854,2705
1869,1160
1875,1280
1876,2220
1880,40
1902,2403
1904,1160
1908,2403
1916,1302
1917,2582
1924,2905
1926,2280
1928,1280
1929,2583
1937,1160
1943,2705
1957,1180
1968,2582
1971,1180
1972,2060
1977,40
1979,1300
1983,1281
2006,10
2021,1560
2025,2403
2041,2522
2047,10
2052,2522
2058,10
2085,1300
2087,1280
2101,1180
2109,1280
2119,1560
2120,60
2128,2522
2131,2403
2142,2583
2143,1300
2155,1300
2159,40
2162,2522
2165,2403
2172,50
2190,1320
2200,1140
2207,2905
2208,1281
2221,1140
2224,1160
2225,40
2232,2582
2240,2522
2242,50
2246,1140
2274,2522
2275,1920
2277,40
2286,2060
2289,40
2294,1280
2295,1140
2301,2403
2303,2280
2307,2705
2308,1320
2322,2280
2328,40
2334,10
2344,1140
2347,1160
2352,2403
2355,2060
2384,40
2387,10
2400,1320
2416,1140
2422,2403
2426,10
2430,2522
2437,2403
2452,1920
2455,2403
2456,1140
2457,1160
2458,2280
2467,40
2470,1300
2474,1300
2482,1140
2493,1300
2502,1160
2525,1280
2527,2403
2544,2403
2545,1160
2556,1320
2557,50
2568,2522
2569,1300
2576,1280
2601,2582
2608,40
2609,1140
2610,1140
2611,2403
2656,2403
2670,10
2671,1160
2675,1302
2683,1300
2685,2705
2690,2522
2694,2583
2706,2583
2710,2280
2719,1180
2737,1281
2739,1281
2751,1302
2753,40
2758,1140
2767,1140
2771,2462
2774,1280
2783,2280
2789,2462
2795,1281
2805,1140
2806,2462
2818,2462
2825,10
2827,1281
2833,2403
2840,1160
2843,1300
2846,1160
2856,10
2862,1320
2871,1140
2876,2403
2877,60
2880,40
2883,10
2884,1160
2886,2280
2899,1320
2926,2403
2930,40
2933,1302
2965,1160
2972,10
2980,1302
2981,1560
2987,2403
2991,1140
2995,10
3014,1160
3018,40
3029,2462
3032,10
3035,40
3041,2280
3057,1160
3058,1320
3059,1560
3062,1280
3073,10
3088,2403
3091,2522
3105,1140
3111,1940
3114,1300
3120,1300
3123,1281
3136,1180
3140,1160
3142,1281
3145,2280
3146,2462
3149,10
3161,40
3163,1160
3164,1300
3168,2280
3176,2403
3186,10
3193,1160
3208,1160
3215,1160
3216,40
3225,1160
3227,1320
3247,40
3250,1140
3252,2905
3255,2403
3257,2462
3267,40
3268,40
3270,1280
3271,2403
3277,2582
3287,1300
3292,2462
3298,10
3306,1300
3314,1300
3317,2403
3318,1300
3326,40
3328,1300
3338,10
3342,1280
3353,2280
3356,1180
3359,2280
3361,2462
3370,2582
3372,2582
3388,1160
3390,1300
3399,1140
3400,1160
3401,2403
3405,1280
3414,1920
3422,1140
3446,2522
3450,10
3455,2060
3456,1280
3462,2462
3469,50
3476,1280
3479,1920
3481,1302
3488,1281
3494,1140
3506,2403
3510,1140
3531,1302
3537,1280
3543,1320
3554,1281
3560,1140
3593,1140
3597,1300
3606,2462
3610,1140
3617,50
3619,40
3620,1280
3621,1300
3623,1560
3624,1140
3626,1320
3630,2060
3654,1300
3657,1300
3666,2582
3667,1300
3671,1140
3678,1320
3681,40
3682,1180
3686,2280
3706,1140
3713,1180
3715,40
3718,1140
3721,1160
3735,2403
3767,2280
3783,40
3784,2585
3799,40
3802,40
3810,2705
3817,10
3827,1300
3834,10
3841,1280
3849,1160
3850,2403
3852,1140
3858,1180
3865,1300
3874,1160
3889,2583
3895,40
3900,2280
3909,2582
3915,10
3920,1140
3923,1300
3930,40
3938,40
3947,1140
3953,2582
3956,1302
3991,1160
3996,1281
3998,2403
4000,2582
4003,1320
4005,50
4012,10
4021,1280
4024,2280
4025,2583
4048,2582
4064,1280
4068,2905
4070,1140
4072,2905
4078,10
4085,1300
4086,1320
4094,2462
4100,1140
4106,40
4111,1280
4116,50
4119,40
4122,60
4124,2403
4125,40
4127,1160
4138,1300
4141,40
4142,50
4143,10
4147,2280
4159,2582
4169,1280
4174,10
4177,1320
4180,1160
4188,1140
4191,2583
4193,1160
4196,1560
4200,10
4207,1302
4214,40
4215,1160
4237,1280
4241,2462
4250,1320
4261,1280
4273,1160
4275,1140
4280,2522
4282,2403
4295,1302
4296,1300
4305,50
4315,2522
4316,1300
4319,2403
4325,50
4326,2462
4327,2582
4339,1280
4341,1320
4344,1280
4346,1160
4350,2462
4363,2585
4364,10
4367,2522
4368,1302
4370,10
4371,2582
4378,1280
4398,1140
4401,1300
4405,1280
4406,2522
4407,10
4414,2403
4419,2583
4424,1281
4428,2060
4438,1280
4441,10
4446,1160
4449,40
4459,1160
4463,1280
4467,1281
4468,1160
4473,1320
4476,1280
4484,1160
4500,2060
4503,50
4504,1160
4509,2582
4521,2522
4522,10
4524,1560
4537,1160
4538,1281
4540,2280
4554,1160
4556,2522
4573,10
4575,1300
4576,2403
4577,40
4578,1301
4600,1160
4604,1140
4607,2280
4612,2583
4613,1920
4614,1280
4632,1300
4633,1160
4641,1281
4663,10
4680,2582
4681,40
4685,2582
4690,2582
4697,2280
4706,1300
4707,40
4712,2060
4717,1140
4721,2403
4728,1140
4734,2403
4735,2403
4747,2060
4752,1140
4759,40
4760,1160
4763,2060
4766,1160
4767,1280
4777,40
4783,1140
4784,2522
4786,10
4816,1160
4818,1160
4820,2582
4827,40
4834,1300
4837,50
4849,40
4858,1160
4867,2705
4878,50
4899,2403
4905,1280
4908,1300
4912,1280
4914,1280
4916,2403
4924,2582
4930,1300
4935,1281
4936,10
4937,50
4939,10
4941,1281
4946,1280
4950,10
4951,1140
4953,2582
4961,1301
4971,1280
4987,1160
4999,1281
5004,1300
5005,1280
5008,1280
5019,1160
5031,1560
5039,2462
5069,1560
5075,2462
5081,10
5082,1300
5093,1160
5097,1160
5110,1281
5120,1140
5129,1280
5132,1280
5136,1301
5141,1140
5166,1180
5180,1302
5184,40
5185,1281
5189,1160
5191,1302
5192,1281
5197,2403
5200,40
5203,1281
5205,2582
5206,1160
5215,50
5227,2522
5239,1160
5240,1280
5255,10
5262,1160
5269,1160
5275,2403
5291,2462
5295,1160
5310,40
5314,2280
5319,1300
5326,2582
5342,2403
5343,1140
5352,1280
5366,1160
5367,1300
5369,2582
5375,10
5393,2582
5400,2280
5408,10
5410,2403
5422,10
5426,50
5434,10
5442,1140
5445,2403
5448,2585
5463,2905
5465,10
5467,1140
5487,1160
5490,1160
5491,10
5505,2522
5508,1300
5515,2280
5518,1302
5526,2403
5530,1300
5537,2582
5560,2280
5561,2403
5571,1281
5573,40
5588,1160
5601,1280
5612,1300
5614,2582
5615,1940
5625,2280
5630,50
5634,2582
5636,1320
5648,1320
5651,10
5661,1281
5667,2462
5671,1300
5675,1920
5677,1140
5678,10
5690,2403
5693,2220
5696,2280
5697,1160
5703,1281
5714,1300
5729,1140
5745,2522
5749,10
5751,1160
5753,10
5755,40
5757,1280
5783,2582
5784,1140
5794,1300
5798,1281
5812,2582
5814,2060
5818,1920
5822,2280
5847,2280
5854,40
5865,2403
5867,1140
5871,50
5880,1160
5881,2280
5884,2462
5885,1320
5886,1300
5892,1300
5900,2582
5904,1300
5914,10
5920,2462
5927,10
5931,1320
5936,1280
5942,1140
5950,1302
5959,1302
5967,40
5972,1560
5980,2522
5985,2060
5988,2060
5989,1281
5991,1160
6001,1140
6010,50
6018,2280
6043,1320
6044,1300
6066,1160
6081,1281
6084,2280
6085,2403
6090,1281
6091,1560
6092,1300
6095,1140
6101,1320
6108,50
6109,1280
6110,1560
6114,1160
6115,1140
6121,10
6138,1140
6145,2462
6153,40
6160,1560
6174,10
6175,2522
6182,1920
6194,1140
6197,10
6206,1160
6215,10
6218,40
6241,2462
6254,1300
6255,1920
6256,1160
6269,2582
6284,2403
6289,2403
6294,1160
6303,1560
6305,10
6331,10
6340,10
6342,1280
6344,1280
6349,2403
6355,10
6358,1300
6360,1160
6367,10
6383,1160
6392,2522
6401,2582
6406,1281
6420,1560
6421,10
6426,1280
6432,1140
6437,2462
6447,2060
6457,2582
6508,1280
6522,2280
6525,2582
6543,1140
6554,10
6557,1280
6559,1920
6560,40
6567,2403
6589,10
6600,1280
6607,1160
6611,1302
6615,1560
6618,1302
6632,10
6634,1280
6662,1300
6669,1281
6671,1140
6676,2582
6685,1160
6696,10
6702,10
6711,1300
6729,1300
6730,1280
6737,1160
6742,10
6743,2522
6747,1280
6748,1320
6749,1140
6757,10
6760,1300
6766,1281
6780,40
6798,1281
6800,1160
6808,2582
6817,1140
6834,2403
6849,1280
6850,1281
6858,1280
6859,2582
6864,1280
6869,10
6879,1281
6882,40
6885,1300
6890,1560
6893,1320
6906,2403
6907,1300
6910,1160
6922,1280
6925,10
6935,2583
6943,1160
6949,2403
6950,10
6951,40
6953,2522
6957,1140
6959,1280
6973,10
6979,2522
6984,10
6988,1300
6995,1160
6997,1160
7018,2403
7019,2403
7022,2280
7037,1281
7040,2280
7052,1160
7066,1300
7067,2403
7069,10
7079,2403
7082,2280
7084,60
7099,2462
7104,2583
7105,2403
7109,1300
7117,1160
7121,10
7128,1140
7134,2522
7140,2280
7144,1180
7148,1300
7149,2280
7155,1280
7157,1140
7166,2403
7186,2462
7197,1140
7201,1160
7207,40
7214,2462
7219,2060
7222,40
7224,50
7227,1160
7230,10
7236,1280
7250,1140
7273,50
7301,1300
7306,1300
7307,2060
7313,1300
7318,40
7320,10
7322,1300
7323,10
7329,1140
7348,1280
7352,1940
7355,10
7368,40
7378,10
7382,10
7387,2280
7392,2582
7399,40
7405,1320
7411,50
7418,2403
7423,2462
7432,2280
7448,2403
7452,1300
7465,2403
7470,1281
7484,2280
7494,1300
7495,2280
7496,10
7503,40
7514,1280
7516,2403
7519,10
7527,2462
7528,1281
7536,1140
7544,1140
7548,10
7550,2582
7567,40
7571,1920
7572,10
7578,1160
7584,40
7590,2905
7596,2583
7616,2280
7625,10
7626,1920
7627,40
7632,10
7640,1140
7641,1280
7649,2462
7658,1140
7670,10
7679,1140
7684,10
7689,1280
7693,10
7702,1300
7704,1300
7722,1160
7724,10
7726,10
7731,1301
7732,50
7737,2403
7740,1300
7747,1301
7750,1281
7753,40
7770,1160
7773,2280
7782,10
7796,1320
7814,50
7816,1280
7825,1160
7834,1280
7835,60
7837,1300
7841,1160
7847,1180
7849,40
7854,1160
7866,1281
7867,2403
7874,1140
7880,10
7884,2280
7889,50
7898,40
7900,10
7921,1160
7931,10
7936,1180
7951,1140
7952,10
7956,40
7961,1160
7962,1300
7964,1140
7968,10
7972,2462
7973,1160
7975,1160
7977,10
7981,1300
7984,2582
7986,10
7988,1560
7997,40
7998,1281
8000,40
8006,1160
8009,40
8015,1140
8022,1281
8023,1281
8049,2462
8051,2582
8056,1160
8057,10
8061,2280
8079,1560
8092,40
8094,1140
8096,1300
8107,1300
8108,1300
8111,1280
8118,10
8122,1302
8135,1280
8141,10
8142,40
8143,1281
8147,10
8152,1300
8154,2583
8158,1281
8162,2403
8163,10
8168,2403
8172,1160
8190,1140
8197,2403
8198,10
8199,1302
8203,1300
8209,1560
8217,1180
8224,2403
8227,1140
8246,2585
8250,1300
8253,1280
8261,2280
8262,1281
8263,1560
8265,1140
8267,2060
8271,1300
8272,2462
8298,1160
8299,40
8300,1140
8305,1300
8311,2522
8312,2585
8319,1180
8325,1160
8328,2280
8331,2060
8332,1300
8334,10
8337,2060
8341,10
8344,1160
8345,1160
8350,1280
8351,2403
8356,2582
8362,10
8374,40
8389,1320
8410,1281
8413,2582
8416,1280
8431,2220
8432,1940
8441,2582
8453,1300
8460,1920
8465,10
8466,2280
8467,2582
8469,1160
8471,1160
8478,2060
8483,1300
8487,1300
8497,1280
8504,40
8522,10
8532,50
8535,10
8536,50
8542,1160
8553,40
8571,1300
8572,1300
8582,2522
8584,10
8591,1320
8594,60
8605,50
8613,1281
8615,50
8616,1300
8627,2583
8632,2280
8639,1140
8644,1281
8653,1160
8661,2060
8665,1300
8670,40
8671,1300
8678,1160
8679,1140
8689,2583
8708,2403
8711,1300
8731,1280
8738,1280
8741,1320
8746,1160
8748,40
8778,10
8794,1302
8796,2280
8799,1280
8805,60
8817,1180
8821,40
8823,40
8824,1940
8826,1280
8831,1180
8842,1160
8848,2403
8859,1180
8860,2582
8868,40
8876,50
8881,2403
8885,40
8886,1160
8909,10
8912,1180
8922,10
8925,40
8936,40
8939,1280
8943,60
8946,50
8949,1320
8952,1140
8965,1300
8967,1160
8974,2280
8975,2280
8977,2583
8983,2462
8991,1140
8992,1560
9009,2582
9026,1300
9032,40
9035,10
9043,1140
9053,1140
9064,1160
9073,1160
9079,1920
9080,2582
9084,1160
9092,40
9096,40
9110,2522
9117,40
9129,1160
9130,2280
9132,40
9183,1160
9187,1560
9189,1140
9196,2403
9197,1140
9208,40
9209,50
9212,10
9235,1300
9253,1320
9254,1160
9257,1320
9261,1300
9280,2462
9284,1320
9285,2522
9295,1280
9306,40
9316,40
9318,1160
9329,2280
9341,1300
9359,2705
9367,10
9379,2583
9381,50
9382,1160
9387,2403
9388,1300
9398,1140
9402,1302
9406,1160
9409,40
9410,2403
9416,2582
9427,10
9428,1320
9435,1560
9441,10
9457,2583
9458,40
9461,1300
9467,2403
9468,1160
9483,1300
9494,10
9507,2403
9517,2462
9518,10
9541,1160
9542,1281
9545,1300
9551,10
9562,10
9566,2060
9571,40
9575,2280
9579,1140
9597,50
9602,2280
9604,2462
9610,1560
9611,2462
9614,2462
9619,1280
9620,1280
9658,10
9668,40
9673,1280
9674,1300
9680,1300
9683,2060
9687,2585
9707,1160
9712,10
9731,1160
9740,1140
9747,1140
9751,50
9761,1300
9764,1280
9786,1560
9798,1280
9804,1160
9809,1300
9822,2582
9840,1160
9859,1140
9865,2280
9867,1280
9870,2582
9871,2403
9878,2280
9920,1180
9930,1300
9938,1300
9973,1300
9975,1280
9980,2403
9999,1160
10005,1300
10023,1280
10024,2060
10026,2582
10037,40
10049,1160
10053,1180
10055,2060
10056,2462
10070,2403
10084,1560
10090,2462
10106,2403
10118,2060
10123,1180
10124,10
10139,2060
10141,2403
10142,1280
10148,1280
10167,1281
10168,2280
10184,1300
10189,1140
10202,2462
10204,2583
10207,2585
10222,1140
10232,40
10238,2403
10245,2403
10247,1560
10271,1140
10280,1280
10281,1281
10285,2280
10290,60
10291,2403
10298,1320
10303,2462
10306,2462
10312,2220
10317,2522
10318,1180
10335,1302
10338,50
10347,50
10352,1320
10355,2522
10360,2582
10376,1300
10381,10
10383,1280
10387,2280
10393,2280
10406,1280
10410,2403
10416,2582
10420,1280
10435,2280
10450,2583
10452,1160
10455,2403
10460,2403
10461,1180
10465,1280
10466,10
10468,1140
10471,1920
10472,1560
10473,1560
10480,2280
10485,2280
10496,40
10502,2280
10511,40
10515,1160
10516,1320
10528,1300
10530,2403
10542,1300
10559,2582
10563,1160
10584,1180
10586,2522
10588,2060
10599,2280
10603,2060
10605,2462
10606,1280
10607,1160
10610,1920
10643,10
10650,50
10653,1280
10656,2522
10657,1280
10659,1280
10661,1302
10670,2403
10678,1300
10679,1281
10690,2583
10697,1320
10699,1280
10704,2403
10732,1280
10734,2582
10736,10
10738,1560
10747,10
10755,1280
10756,1560
10769,2582
10777,1140
10779,2582
10787,2582
10790,2585
10792,1160
10801,1300
10805,1160
10807,1140
10808,1160
10818,2403
10823,1320
10833,2280
10839,2280
10849,2583
10855,10
10859,1300
10860,1160
10865,2280
10870,1280
10871,1280
10877,1281
10880,1281
10895,1300
10897,1160
10906,1300
10917,1300
10929,2522
10938,2705
10940,1160
10941,1160
10948,10
10953,2585
10959,2462
10962,10
10964,1300
10974,1300
10978,1281
10998,10
11001,10
11003,1300
11009,1280
11016,2462
11017,1560
11021,2280
11023,2403
11030,2403
11031,1560
11035,1180
11039,10
11050,1160
11054,1140
11059,1160
11067,1280
11084,10
11094,40
11099,1302
11106,1160
11126,40
11131,1320
11133,1180
11135,1280
11137,2403
11138,1300
11140,1140
11143,1160
11146,1180
11149,1160
11153,2582
11159,1180
11160,2403
11161,1160
11167,2522
11177,1300
11198,1140
11204,1920
11213,1280
11220,2403
11224,10
11231,2403
11232,2522
11240,2462
11245,1280
11248,1160
11253,2905
11255,1281
11262,10
11264,2462
11266,2403
11272,1160
11277,2582
11278,1140
11287,1281
11291,1280
11293,1300
11294,40
11307,2060
11309,1140
11329,1280
11349,2280
11353,1560
11356,2280
11370,1160
11381,1140
11389,1281
11391,1320
11408,2280
11413,2060
11419,1140
11420,2060
11427,60
11434,2403
11441,1281
11442,40
11445,1300
11459,1300
11461,2705
11470,1140
11474,1300
11492,1300
11499,1160
11522,1140
11523,1160
11533,10
11535,2403
11538,1300
11540,2462
11557,1140
11561,2060
11563,1140
11568,1300
11587,1300
11591,40
11593,2585
11596,2582
11602,2462
11635,2462
11641,1320
11642,1320
11652,1281
11653,2280
11658,40
11661,1160
11662,1560
11667,2060
11679,2060
11680,1302
11695,2582
11699,1560
11707,1300
11710,1280
11712,50
11719,1180
11726,2403
11732,2403
11734,2403
11737,10
11743,2522
11745,2905
11748,1280
11749,1140
11754,2582
11762,1300
11772,1300
11780,1281
11781,10
11782,1281
11783,40
11788,1280
11793,1300
11799,10
11826,2462
11854,1320
11860,40
11868,1300
11869,1560
11874,1320
11876,1160
11898,1160
11905,40
11913,40
11916,2705
11933,1280
11934,2280
11935,1302
11936,10
11943,10
11945,1160
11948,1320
11968,1140
11976,2462
11981,1160
11996,1281
12001,1140
12005,1140
12008,1280
12011,1280
12017,1302
12024,40
12031,1560
12037,1300
12039,50
12046,1140
12047,1160
12052,2280
12057,2462
12061,1560
12063,2403
12075,50
12078,1320
12083,50
12090,1300
12107,2522
12114,10
12124,2905
12133,1280
12134,1320
12139,1160
12148,1300
12149,1300
12159,1160
12172,10
12178,1140
12184,10
12191,1140
12198,40
12200,1160
12206,1280
12211,40
12235,1140
12239,1280
12242,2582
12247,2280
12253,2705
12261,10
12264,10
12277,10
12291,1560
12297,1281
12309,1160
12312,2583
12318,1160
12320,10
12322,2582
12325,2583
12330,1560
12331,10
12332,2403
12334,1140
12335,2280
12344,1160
12346,1300
12356,1160
12358,50
12359,1160
12375,1280
12381,2462
12387,40
12394,2280
12397,40
12400,1300
12403,10
12414,40
12423,2280
12432,1280
12437,1140
12451,1281
12476,2403
12478,1160
12479,2522
12480,2582
12483,40
12488,1300
12492,2582
12495,1140
12500,1302
12503,1160
12505,2582
12511,10
12517,1160
12522,1320
12540,40
12567,2522
12573,2403
12574,1160
12576,1300
12584,50
12586,2462
12612,2462
12614,1180
12623,2462
12626,1302
12628,40
12636,1160
12647,2060
12650,50
12667,1280
12669,1160
12671,1160
12691,1281
12694,2403
12699,1320
12700,1180
12706,1140
12708,1160
12722,1281
12731,10
12733,2582
12748,60
12754,1140
12758,1302
12761,1300
12764,1281
12767,2280
12776,1300
12779,2280
12782,1302
12791,40
12801,1160
12804,2403
12816,2403
12822,1140
12828,2462
12829,1180
12831,2705
12834,1140
12837,1140
12841,1180
12845,2582
12851,1280
12857,1281
12866,2060
12871,2462
12878,1140
12880,10
12887,2403
12906,1320
12911,40
12915,2462
12917,10
12918,40
12920,2582
12923,40
12939,1140
12952,2462
12953,1280
12957,2462
12965,1300
12979,2403
13009,40
13010,1140
13016,50
13030,1160
13032,2522
13039,1280
13044,1920
13054,60
13057,1560
13058,2582
13079,1160
13082,1320
13101,40
13103,1140
13105,1160
13110,1140
13137,40
13142,1940
13143,2582
13144,1140
13148,10
13161,2280
13182,1140
13183,2582
13184,1280
13192,1180
13197,10
13198,2522
13199,2403
13212,2462
13215,2280
13221,40
13223,1560
13227,1180
13237,2585
13238,1160
13244,1300
13248,1140
13251,1320
13254,2280
13263,1140
13264,1280
13270,1280
13281,1300
13282,2462
13292,1160
13318,2582
13319,1300
13320,1560
13335,2060
13347,1280
13351,10
13352,1280
13356,1140
13360,1320
13390,1302
13409,2582
13413,10
13420,50
13432,1160
13441,40
13442,1160
13450,2705
13451,1280
13454,1160
13459,40
13462,1280
13473,1140
13479,2280
13497,2583
13498,1281
13499,1160
13500,2280
13501,1140
13509,1140
13532,10
13533,2582
13540,40
13543,1281
13552,2582
13562,40
13564,2280
13569,50
13571,1140
13583,2280
13596,40
13600,1160
13605,1140
13610,2462
13612,1280
13614,2462
13620,50
13628,60
13633,2280
13637,10
13646,40
13664,1160
13678,40
13679,2280
13689,1300
13694,1160
13708,1160
13715,2462
13716,1160
13721,2582
13723,1140
13727,2583
13745,10
13748,10
13755,40
13761,2462
13764,2582
13768,2582
13771,1300
13781,2462
13785,1281
13790,10
13795,1281
13797,50
13808,1160
13816,1300
13820,1940
13830,1320
13838,1302
13850,2280
13857,1140
13868,2060
13872,1180
13874,1300
13875,1160
13877,1280
13879,2403
13884,1280
13888,1160
13899,2403
13905,1300
13908,1300
13913,2403
13924,2522
13931,40
13932,1140
13940,2280
13943,10
13956,10
13968,1160
13985,1300
13986,10
13992,2280
13994,40
14000,1300
14007,1302
14017,1560
14021,1160
14043,1160
14055,40
14073,1280
14078,1140
14084,1302
14085,1300
14106,40
14110,1140
14113,1280
14117,1280
14119,10
14121,40
14130,1160
14138,2522
14145,1280
14164,2060
14165,40
14166,1180
14173,1140
14175,1300
14181,1140
14185,1140
14192,1320
14193,1140
14203,1160
14206,2582
14208,40
14216,1140
14219,1160
14231,2582
14233,2403
14237,1180
14238,1180
14240,1140
14241,40
14242,2280
14244,2280
14247,2403
14253,1560
14254,1160
14283,2280
14293,10
14336,1320
14338,1920
14339,1280
14340,1302
14346,2462
14352,2583
14355,1160
14362,2582
14368,1300
14394,1160
14404,2060
14416,60
14421,2905
14433,2280
14458,10
14462,40
14465,40
14469,1140
14474,1160
14478,2280
14481,2280
14484,10
14487,2280
14492,1160
14493,40
14497,1300
14508,1300
14514,2280
14526,2905
14534,1300
14537,40
14543,1560
14547,1280
14554,1281
14555,10
14566,40
14574,1280
14582,1280
14595,2403
14597,1281
14603,10
14604,10
14616,1320
14619,1560
14624,2403
14627,10
14630,1160
14648,2522
14650,1140
14651,1140
14652,1160
14678,2280
14685,1281
14700,2403
14702,1160
14703,2060
14710,2582
14712,1160
14729,10
14730,1140
14741,40
14744,60
14748,1140
14750,10
14752,1280
14765,1160
14779,2522
14793,1281
14829,1140
14830,1320
14842,1160
14850,40
14861,10
14863,2583
14869,2522
14889,40
14896,2060
14906,1280
14911,1160
14921,2280
14928,1300
14940,1180
14946,10
14951,2403
14952,40
14958,1160
14970,2280
14976,2280
14982,1140
14991,1160
14992,2280
14994,1300
15023,1140
15035,2060
15052,2403
15061,1300
15062,2403
15063,2522
15077,10
15081,2060
15105,1280
15108,50
15112,1281
15119,1140
15134,1320
15136,1160
15138,40
15143,40
15151,2705
15155,1140
15164,1300
15165,1300
15169,1300
15175,1180
15186,40
15193,1320
15195,10
15201,1280
15218,10
15224,2905
15230,1300
15237,1560
15240,1280
15255,1280
15258,1140
15268,1140
15273,1140
15275,2582
15294,1281
15297,2582
15304,2522
15305,1160
15316,1160
15319,40
15322,1920
15324,1160
15329,2905
15331,1281
15356,2403
15357,1180
15371,1140
15376,1140
15381,1320
15404,10
15419,1560
15425,1160
15441,2280
15455,1300
15456,1160
15461,1160
15463,1160
15470,2582
15473,1320
15477,2583
15480,1280
15482,1140
15483,2060
15484,40
15496,1160
15497,10
15501,1300
15507,1160
15508,2462
15514,1160
15515,1940
15527,1300
15531,1280
15552,2403
15562,10
15565,2582
15568,50
15589,2462
15605,2582
15606,1140
15609,2582
15625,2403
15634,2403
15640,1280
15649,2582
15659,50
15676,1300
15680,1160
15701,2462
15702,1281
15705,1560
15708,2403
15718,10
15724,2280
15727,10
15744,2280
15745,2705
15749,1560
15752,10
15778,1160
15782,2403
15786,1281
15788,10
15803,40
15810,2582
15814,1160
15846,1280
15857,2060
15858,1300
15870,1280
15873,10
15884,10
15889,1300
15905,10
15915,1280
15934,1280
15953,10
15960,40
15962,1281
15985,2582
16005,2280
16006,2060
16008,1180
16037,1160
16041,40
16046,1140
16049,1300
16051,1140
16078,1940
16081,1300
16083,1280
16087,1140
16093,1160
16098,1140
16101,2403
16107,40
16109,10
16112,1140
16119,1160
16126,50
16138,2705
16139,2582
16143,2462
16153,2582
16160,2403
16176,1302
16183,10
16185,1940
16196,1281
16198,2280
16203,1300
16204,2403
16205,2280
16206,1281
16211,1160
16222,1320
16224,50
16226,1320
16242,1320
16254,10
16262,1160
16271,1280
16272,1140
16275,1140
16282,1280
16288,2582
16297,1160
16304,1920
16311,2403
16317,1300
16329,2585
16345,1160
16355,1320
16358,2220
16365,1160
16372,2403
16374,1320
16376,2583
16381,1140
16383,1300
16393,1140
16399,1280
16410,2462
16414,1300
16419,1280
16431,2280
16441,1140
16444,1160
16461,1280
16462,60
16464,1140
16465,2582
16467,10
16474,1300
16479,2060
16483,1300
16488,10
16491,1140
16495,2462
16499,1140
16502,1180
16504,1281
16511,10
16512,2280
16514,1300
16515,1280
16528,1280
16531,1160
16534,1280
16547,2462
16552,2582
16574,2060
16586,1280
16587,10
16588,2522
16592,2403
16597,50
16613,1140
16624,1300
16627,2403
16645,1300
16657,1302
16660,2582
16681,50
16683,2905
16690,40
16698,2403
16704,1140
16710,2280
16716,1281
16719,1160
16721,10
16722,1300
16727,1280
16729,1160
16733,10
16737,2582
16756,40
16790,10
16831,1940
16832,1300
16833,50
16838,2582
16842,1940
16850,60
16851,10
16856,1300
16863,1160
16864,1160
16865,2585
16881,10
16883,1281
16907,1160
16912,1280
16923,2403
16926,10
16933,40
16943,2582
16955,10
16967,40
16970,2280
16986,10
16988,1281
17002,40
17020,2280
17029,2522
17033,1300
17046,2280
17064,2583
17067,2280
17070,50
17074,1140
17079,2060
17083,1140
17089,1560
17103,60
17121,1281
17137,2403
17140,1560
17144,2462
17155,2060
17156,2403
17160,50
17161,10
17163,1281
17166,2060
17192,1920
17193,1160
17202,1140
17208,1160
17218,2582
17220,2280
17229,40
17237,1160
17238,1140
17247,1560
17251,1560
17254,1300
17258,1140
17261,1140
17268,1300
17273,1281
17274,1140
17283,2705
17315,40
17321,40
17330,1300
17339,2905
17363,1280
17377,1300
17385,1160
17386,2705
17389,40
17408,2522
17421,1160
17434,1140
17436,10
17439,1160
17450,2280
17451,2280
17465,1300
17466,10
17470,1281
17484,1300
17502,1160
17517,1560
17525,50
17537,1180
17544,40
17549,1281
17552,2582
17555,1140
17557,1140
17561,1301
17570,40
17581,1140
17596,2582
17599,1160
17603,1160
17613,1280
17615,2403
17625,1280
17632,1280
17639,1180
17641,1140
17652,1180
17664,1280
17666,2403
17668,10
17682,1302
17698,2905
17708,1920
17714,2582
17721,2462
17734,1280
17742,1560
17750,1300
17758,2403
17760,2403
17763,2060
17766,2403
17783,1560
17806,1160
17807,1180
17842,1280
17851,2583
17863,10
17865,1280
17875,2582
17879,1160
17881,2060
17889,1300
17895,1140
17900,1281
17902,2462
17906,1920
17913,1160
17918,2462
17924,60
17927,1140
17930,1140
17940,1281
17943,1320
17946,1320
17947,40
17965,1940
17967,10
17975,2583
17976,2280
17995,1300
18001,2582
18007,1180
18010,2403
18016,40
18018,40
18022,2522
18023,40
18029,1302
18035,1300
18040,10
18047,1560
18056,1140
18058,1302
18059,2462
18065,2582
18073,1300
18078,2582
18090,1281
18091,2280
18093,2462
18097,1300
18099,10
18109,2403
18114,1300
18122,2522
18131,1281
18140,1140
18145,40
18158,50
18173,1560
18176,1300
18182,2522
18186,1560
18187,1300
18206,1300
18208,2060
18214,1140
18222,2060
18230,1160
18236,1140
18237,40
18238,1281
18261,2280
18268,60
18270,1160
18273,2462
18274,2403
18309,1160
18310,1160
18313,40
18318,2905
18323,10
18328,1140
18330,2462
18331,1320
18338,1160
18352,2582
18355,2280
18369,2280
18370,1300
18384,1300
18390,1180
18394,1320
18395,1560
18399,2280
18423,60
18430,10
18441,2582
18448,2582
18453,1320
18455,1920
18463,1300
18466,50
18471,40
18485,1281
18501,1280
18504,2060
18509,10
18516,40
18517,2060
18518,2705
18524,50
18529,2403
18536,60
18539,1280
18540,2403
18546,1281
18552,1300
18553,10
18554,1140
18556,1560
18563,1160
18574,10
18580,1160
18584,2403
18586,2403
18598,2403
18601,2522
18612,1560
18614,2522
18615,2462
18623,2522
18639,10
18644,1320
18664,2403
18670,2280
18675,1560
18677,2462
18682,50
18687,2905
18726,2462
18731,1160
18735,1140
18743,2220
18747,2220
18752,40
18759,1180
18761,2403
18762,1180
18794,40
18804,1281
18807,1280
18810,2280
18812,1160
18823,2403
18827,2280
18829,2582
18831,40
18832,1920
18834,1160
18837,10
18847,50
18855,1180
18859,60
18868,1300
18871,1300
18872,40
18874,1160
18884,1180
18887,2462
18907,2280
18917,1160
18919,40
18926,2905
18928,40
18935,1180
18940,1180
18947,2582
18948,1320
18962,1160
18979,10
18981,40
18992,2403
19004,2403
19007,2522
19013,1300
19019,2280
19022,1280
19028,1281
19032,1302
19037,1920
19044,1280
19051,50
19054,10
19055,10
19066,2280
19069,1560
19071,1160
19077,2403
19080,2403
19090,2060
19092,1140
19101,1140
19102,2905
19119,2462
19123,40
19130,10
19141,1280
19160,1140
19179,1281
19191,1160
19194,10
19197,1280
19199,1560
19209,60
19218,1180
19219,1160
19220,1281
19225,60
19230,1560
19243,1281
19272,1920
19273,1280
19285,1160
19290,40
19305,1160
19315,1160
19319,40
19325,2403
19329,1560
19331,2060
19344,1140
19349,1160
19355,2220
19369,1280
19371,1180
19373,1302
19374,1140
19391,1160
19394,1160
19395,1140
19415,1140
19417,2403
19426,1180
19442,40
19443,2280
19455,40
19457,10
19466,1280
19474,1281
19475,1160
19477,10
19498,1560
19499,1560
19503,2060
19505,2583
19511,2403
19520,40
19528,1320
19537,1160
19554,2403
19560,1280
19563,2462
19581,1280
19583,1280
19588,1280
19607,40
19609,2403
19611,1280
19612,2522
19626,1300
19636,2403
19641,1160
19646,10
19647,1140
19652,10
19663,10
19666,1160
19667,1280
19680,1560
19683,1140
19688,1180
19693,10
19697,1300
19698,10
19719,1320
19720,10
19722,1160
19728,1300
19738,1300
19743,2582
19744,1160
19745,1160
19746,2403
19748,1280
19755,1280
19767,2462
19768,1300
19774,2403
19783,1160
19787,1140
19789,1300
19802,10
19809,1300
19810,1160
19812,10
19828,50
19836,2522
19840,1320
19844,1281
19845,1180
19852,1140
19856,2582
19860,1160
19862,1160
19863,1160
19864,1160
19865,1160
19868,1300
19896,60
19902,1920
19905,1160
19916,1281
19922,1140
19923,10
19933,1160
19943,2403
19949,1160
19959,2280
19967,40
19968,40
19984,1140
20009,2582
20014,2060
20017,10
20018,40
20028,1320
20030,1300
20032,1300
20035,2280
20037,1302
20042,40
20043,1160
20045,2280
20047,2280
20072,1140
20075,40
20079,10
20080,1140
20081,2583
20083,1280
20086,2522
20098,1280
20100,2403
20106,2403
20130,1140
20139,1300
20141,1280
20142,2280
20166,1140
20172,1280
20181,2522
20187,2905
20188,2403
20195,1281
20196,40
20203,2582
20205,2522
20206,40
20224,1160
20231,1300
20240,1302
20244,40
20254,1180
20258,10
20270,40
20284,1140
20302,1300
20303,40
20312,40
20314,2403
20317,1160
20333,1302
20339,10
20342,1180
20343,1300
20348,1300
20349,40
20353,2522
20354,2582
20385,2522
20391,2582
20399,2280
20402,2462
20406,1560
20414,1320
20420,2220
20423,60
20425,1140
20427,2905
20433,2582
20436,1281
20444,2582
20451,2583
20453,2462
20459,40
20464,1140
20465,2060
20478,1160
20490,1180
20495,1300
20500,2462
20502,1160
20515,10
20517,2462
20527,2280
20528,1280
20548,2403
20552,1280
20560,1160
20567,10
20581,2583
20585,1280
20593,1160
20599,2403
20603,1300
20607,2280
20609,2280
20616,10
20622,1280
20637,2403
20644,2583
20647,2280
20649,2582
20673,1300
20674,2582
20675,1140
20677,1140
20678,1281
20680,1140
20689,1180
20699,2403
20703,1560
20704,2583
20706,1280
20713,1280
20733,2060
20734,1160
20735,1160
20736,1280
20737,1280
20738,2060
20743,1300
20753,1140
20759,40
20764,1300
20769,1160
20775,1320
20786,1320
20799,2462
20801,10
20808,2403
20809,2582
20842,50
20846,2583
20848,2403
20850,1920
20853,1320
20858,1160
20865,1160
20867,2403
20870,1320
20876,1140
20881,2220
20886,2403
20887,1320
20892,2583
20893,2403
20905,1160
20907,2905
20910,2280
20911,1140
20913,2462
20914,1920
20920,1300
20924,1160
20925,10
20926,40
20928,2403
20955,1280
20972,2403
20985,1560
20988,1560
20992,1140
20998,2522
21000,40
21005,2582
21029,1320
21031,1281
21047,10
21048,40
21062,50
21072,1140
21075,2583
21081,1560
21090,1280
21100,2280
21106,2585
21124,1140
21138,1560
21139,1140
21147,1280
21156,1281
21178,60
21183,2060
21184,1280
21192,1160
21208,10
21216,1140
21221,1160
21234,2905
21243,1281
21244,1180
21249,1160
21269,10
21273,2462
21282,1560
21284,2462
21300,2403
21314,50
21317,2582
21332,2462
21340,1300
21345,60
21348,10
21355,10
21356,1160
21358,2582
21364,2403
21376,2462
21378,2403
21392,2280
21413,1560
21418,2582
21428,10
21436,50
21442,1160
21443,1140
21455,2280
21457,40
21478,2280
21487,1300
21489,40
21491,40
21492,1160
21494,1160
21502,2522
21508,1281
21514,2403
21552,1302
21559,2220
21564,10
21566,40
21567,1560
21569,1140
21585,10
21593,1160
21602,1160
21605,1560
21607,1160
21609,1160
21625,1320
21626,2905
21631,1560
21633,1300
21637,1280
21642,1300
21646,1160
21650,40
21656,2403
21668,2582
21669,40
21677,1560
21678,1320
21691,40
21699,40
21702,1180
21707,2462
21718,10
21740,1180
21743,2462
21744,1140
21750,2060
21757,1300
21760,2403
21761,1300
21781,40
21809,2582
21813,1160
21819,1300
21826,1300
21828,1140
21830,1160
21832,1281
21837,2403
21842,1300
21844,1302
21859,10
21860,10
21869,2582
21890,2060
21895,2403
21901,1281
21918,10
21921,1281
21922,1140
21928,2462
21930,1280
21940,2403
21941,1280
21949,1300
21951,2582
21956,2582
21958,1280
21969,1140
21972,2582
21973,2905
21975,1300
21987,40
22007,1281
22023,1320
22034,1300
22035,1300
22043,1160
22053,1280
22054,1300
22061,2060
22069,1280
22083,1320
22098,1920
22099,1160
22104,1281
22113,2582
22118,1281
22121,10
22123,2403
22126,2582
22134,1280
22139,40
22146,1280
22150,2462
22152,10
22158,2060
22162,1300
22167,40
22169,1280
22170,1281
22171,1140
22175,10
22180,40
22197,40
22198,1300
22201,1140
22202,1280
22206,1160
22210,1160
22220,10
22228,1140
22239,1281
22242,50
22249,2522
22253,10
22271,1160
22275,1300
22289,2060
22292,2403
22298,2060
22301,1560
22310,1180
22314,2403
22318,2403
22325,1280
22340,1140
22349,2705
22360,40
22367,1160
22369,1140
22375,1281
22378,1160
22380,2280
22381,10
22387,1160
22393,1160
22402,10
22403,1302
22420,2583
22423,1160
22439,1300
22441,1320
22442,1280
22449,2280
22453,1301
22457,50
22467,2522
22471,1300
22473,2403
22476,1140
22479,1281
22491,2280
22505,1160
22506,1140
22508,50
22513,2280
22517,1320
22522,60
22527,2462
22534,2582
22536,1280
22541,2403
22543,2403
22545,1320
22549,50
22570,1140
22576,1300
22603,1300
22615,2462
22626,10
22637,1300
22643,40
22648,1280
22651,2280
22652,1280
22660,2462
22680,1140
22683,1300
22684,1281
22688,2522
22693,1320
22698,1280
22724,1302
22734,1320
22747,2280
22748,1280
22762,2462
22797,2403
22800,1560
22813,1280
22827,2582
22829,1280
22834,2403
22836,2280
22840,1281
22842,1300
22855,1160
22857,1560
22859,1281
22860,10
22876,40
22880,2060
22897,10
22906,1300
22926,2462
22931,1300
22933,1302
22937,10
22940,1180
22942,2403
22959,10
22960,1140
22965,1180
22978,40
22981,1140
22987,40
22990,1300
22995,10
22997,1280
23006,1140
23009,1140
23012,50
23016,2585
23022,1300
23028,40
23047,10
23058,10
23062,1300
23077,2280
23079,1300
23084,2403
23105,40
23111,1320
23120,1302
23125,2905
23128,1140
23132,1280
23152,1140
23157,1280
23160,1160
23168,1300
23172,2582
23176,40
23178,1300
23182,2462
23184,2403
23188,2403
23203,2403
23204,1140
23206,40
23212,1140
23216,1300
23221,1300
23223,1300
23239,1280
23240,1300
23242,2905
23243,50
23266,2582
23269,40
23276,2462
23286,1302
23289,2403
23303,1140
23320,10
23323,10
23343,2582
23349,2280
23354,2583
23357,40
23395,2585
23410,1280
23412,2403
23425,2462
23426,1280
23432,2462
23436,1180
23449,10
23453,2280
23460,1140
23466,1140
23471,2060
23480,1281
23489,2280
23500,2582
23501,50
23524,1280
23536,40
23538,1300
23542,2280
23551,2060
23557,2585
23571,10
23590,40
23596,1281
23605,2583
23622,1281
23623,1160
23627,10
23628,1560
23629,1280
23647,1160
23657,2403
23684,1140
23685,1280
23695,1281
23707,1160
23716,2403
23727,2060
23731,2462
23748,1280
23756,40
23757,2582
23763,1280
23764,40
23768,2060
23773,1280
23775,1302
23776,1160
23791,10
23798,40
23802,1140
23808,1280
23815,10
23829,1560
23830,1160
23834,10
23840,2582
23852,1280
23861,1140
23882,2403
23886,1320
23887,2280
23892,2403
23912,50
23913,40
23915,50
23918,10
23919,1140
23921,1160
23928,2060
23939,2403
23940,40
23956,1301
23957,2060
23958,1300
23959,40
23976,2280
23982,1140
23993,1320
24000,1300
24014,1560
24026,2280
24048,1160
24053,2403
24061,2582
24067,1280
24073,1281
24079,1160
24080,2462
24083,1300
24086,1280
24088,1140
24096,1180
24101,10
24114,2280
24115,1140
24122,1320
24124,40
24126,10
24149,2403
24152,1281
24153,2522
24156,10
24158,1280
24160,1281
24165,40
24169,1160
24172,50
24174,1280
24179,10
24185,1180
24190,40
24194,2220
24204,1300
24221,2280
24227,40
24234,1280
24241,1160
24250,2705
24251,1280
24253,1160
24255,40
24259,2522
24263,1140
24270,1300
24271,2280
24288,1140
24292,2462
24294,40
24298,1281
24322,2280
24327,1560
24328,1300
24332,1300
24335,1300
24340,40
24341,1140
24350,2462
24371,1160
24384,10
24388,10
24392,2582
24396,1281
24400,1280
24401,1300
24405,1281
24407,2462
24408,2403
24411,50
24413,1280
24418,2403
24425,40
24429,2280
24430,2705
24431,1280
24436,40
24455,1920
24458,1281
24460,2522
24463,1940
24464,1160
24470,2060
24477,1140
24479,1160
24484,2582
24501,2582
24503,2905
24504,2280
24509,2462
24517,1300
24522,2585
24537,10
24538,1300
24545,40
24552,50
24553,1160
24558,1160
24560,2462
24562,1920
24575,2403
24580,2522
24583,1160
24588,1160
24595,1300
24605,2585
24629,1160
24636,10
24654,1560
24662,2280
24671,1300
24679,1180
24681,1560
24688,2403
24694,1160
24696,1281
24706,1280
24709,1280
24733,2060
24738,1281
24750,2403
24763,1140
24765,1280
24770,2280
24774,2905
24776,1280
24791,1300
24792,2582
24794,1281
24795,40
24802,10
24809,1280
24813,1560
24816,2220
24835,2280
24840,2522
24852,2280
24853,1300
24858,2905
24859,1280
24862,1160
24867,1160
24877,1281
24880,1560
24893,1280
24897,40
24914,10
24927,1140
24929,10
24932,1280
24950,40
24957,1140
24967,1560
24991,1140
24993,1140
24997,2582
25007,2582
25008,2582
25026,40
25031,10
25041,40
25045,1140
25054,1281
25062,1160
25068,1140
25071,1560
25073,2583
25076,2705
25085,10
25088,2582
25097,2582
25111,40
25113,1180
25114,2403
25119,40
25120,10
25121,1160
25132,2582
25136,1940
25147,1160
25149,2905
25162,2060
25163,1160
25166,2462
25172,2403
25175,1300
25176,2522
25181,2280
25182,2522
25183,2462
25195,2280
25196,1300
25215,1160
25226,1280
25230,40
25234,10
25243,2905
25245,2403
25246,1300
25253,40
25255,2462
25265,1180
25268,2462
25269,2522
25283,1160
25286,1300
25306,10
25310,1560
25313,2280
25315,2462
25318,2522
25322,10
25324,40
25335,1280
25337,1560
25348,2522
25349,1140
25350,10
25351,40
25360,1140
25366,1160
25372,40
25389,1140
25390,1180
25391,2462
25411,2280
25432,1140
25435,1160
25437,1140
25446,2280
25453,2582
25485,2582
25488,1281
25493,10
25498,40
25503,2522
25515,2462
25525,1160
25535,1160
25545,1160
25552,2280
25557,1180
25565,1300
25570,2582
25576,1281
25578,2582
25581,2522
25583,1140
25584,1140
25608,1280
25610,1160
25621,2280
25622,1160
25624,2462
25625,1320
25636,1160
25637,1280
25638,1140
25646,50
25650,2905
25654,40
25670,1140
25677,2705
25684,1280
25695,1160
25696,10
25700,2522
25712,40
25715,1300
25717,2522
25731,10
25733,2462
25744,1281
25747,1140
25759,1301
25783,1300
25784,40
25785,1281
25788,1140
25799,1160
25816,1560
25818,1140
25823,1280
25829,10
25830,2060
25837,1140
25841,1140
25842,1560
25845,1180
25850,2582
25857,2403
25864,10
25882,1140
25885,1280
25889,2583
25892,1301
25894,10
25898,1300
25913,1280
25919,2462
25935,1300
25938,60
25944,1300
25945,10
25947,1160
25950,40
25969,2582
25972,1300
25975,10
25979,1180
25989,1300
25993,1160
25996,40
25997,2462
26006,1320
26020,1160
26026,2705
26038,1281
26039,1560
26040,1140
26048,1300
26051,60
26062,50
26068,1300
26069,1140
26073,1280
26074,2280
26079,2905
26088,2403
26102,1160
26103,1140
26105,1281
26108,40
26123,1140
26132,2280
26139,10
26140,1140
26159,1160
26160,10
26163,1280
26167,1320
26173,2280
26177,1280
26184,1300
26202,1280
26214,2280
26226,1300
26229,2060
26231,2462
26238,1281
26241,10
26248,1280
26253,1281
26261,2280
26276,1160
26286,1160
26290,1320
26291,10
26306,2522
26316,50
26323,1281
26326,40
26327,1160
26335,2060
26341,1280
26346,1560
26350,2705
26353,2060
26357,40
26359,1281
26363,40
26372,60
26389,10
26397,1160
26399,1280
26405,1140
26408,10
26418,40
26419,1300
26423,2585
26424,1160
26428,2403
26455,10
26459,1302
26460,1140
26481,1302
26494,1140
26504,1160
26506,1160
26509,1300
26511,10
26541,2905
26550,1140
26555,1280
26562,1140
26576,40
26587,40
26596,1320
26622,1281
26625,2582
26631,2060
26632,2403
26667,10
26683,1140
26694,1560
26701,1280
26703,1281
26723,1300
26740,2060
26742,2462
26749,1180
26755,2280
26757,40
26758,1140
26760,10
26769,10
26772,2905
26775,10
26781,1300
26785,2522
26804,2582
26835,40
26840,1160
26859,1300
26867,2060
26871,2522
26894,1180
26900,1320
26903,2403
26922,2280
26937,2280
26943,2403
26946,1140
26957,1180
26958,1140
26963,2280
26971,1180
26979,1280
26984,1140
26986,1320
26992,2280
26998,1300
27001,2403
27007,1280
27011,2280
27020,1280
27025,1280
27026,1160
27032,1300
27043,1560
27052,1140
27076,1280
27079,1160
27087,1180
27094,2060
27099,1320
27108,1140
27113,2462
27114,1140
27128,40
27135,60
27136,1920
27137,1280
27147,1320
27155,2403
27164,2522
27166,40
27171,1160
27175,1160
27177,2583
27180,1160
27181,2582
27183,2462
27203,1300
27214,10
27221,1300
27225,1300
27228,1280
27234,2462
27237,2280
27245,1160
27246,2403
27249,1280
27254,2582
27261,10
27263,2905
27266,2060
27268,2462
27269,2403
27286,1280
27300,1160
27302,1920
27307,1160
27311,2280
27321,2403
27327,2905
27330,1281
27332,2280
27337,1560
27341,2583
27345,1281
27356,1280
27358,40
27359,1300
27361,1280
27377,1140
27379,1140
27389,2060
27391,1302
27394,1140
27397,1140
27399,40
27402,1280
27410,1300
27417,1160
27422,1920
27430,1280
27446,1280
27452,40
27477,1140
27487,1300
27513,1300
27531,1300
27533,1560
27539,10
27567,2403
27579,10
27587,2280
27591,2280
27595,60
27598,1280
27599,1140
27600,60
27606,1320
27614,10
27621,1160
27627,1300
27644,1560
27652,2462
27659,2280
27678,2583
27686,2582
27700,1560
27702,1320
27734,1300
27737,1280
27752,1180
27753,2280
27765,1560
27766,2280
27774,2462
27777,2220
27791,10
27792,40
27794,50
27800,10
27801,1280
27811,1302
27813,40
27814,1300
27822,2403
27826,2582
27827,2280
27837,2582
27845,1180
27846,40
27849,1140
27852,10
27854,2280
27868,2280
27886,1140
27887,1180
27888,1280
27890,1160
27894,2582
27897,2280
27899,2280
27907,2280
27913,1281
27925,10
27929,2280
27930,1160
27935,1560
27960,10
27962,1180
27981,1160
27989,1140
27993,1281
27996,2582
28003,1320
28005,1160
28013,1302
28014,2462
28017,1300
28028,40
28041,1140
28042,1300
28057,2462
28062,50
28080,1280
28087,40
28093,10
28116,1160
28122,2905
28123,1300
28124,1140
28132,1140
28136,10
28138,10
28150,1280
28152,1560
28156,1281
28166,40
28172,1302
28173,1560
28175,10
28192,1300
28199,1281
28208,1300
28214,40
28217,2403
28225,1280
28231,2280
28232,2522
28240,40
28249,1300
28254,1160
28261,1140
28266,10
28268,1280
28269,1281
28271,40
28277,10
28282,2280
28301,1281
28302,1300
28316,50
28318,40
28320,1280
28321,1302
28351,1160
28356,1280
28358,1281
28371,1160
28381,1302
28383,2403
28405,1300
28412,2582
28438,1300
28441,2403
28466,2585
28479,40
28484,2403
28496,1301
28505,10
28508,1300
28523,40
28528,50
28529,2403
28535,1140
28539,2280
28546,1160
28552,2403
28558,2220
28568,10
28575,40
28579,1280
28583,1281
28587,1940
28589,1920
28595,1160
28598,10
28599,10
28600,1140
28601,1301
28603,1940
28614,10
28618,2583
28625,2280
28627,40
28628,40
28631,2582
28634,2280
28636,1300
28643,1281
28648,1320
28649,2582
28658,1160
28663,2060
28670,2060
28672,1140
28684,1281
28690,40
28716,40
28724,1280
28725,1180
28737,1160
28746,2060
28776,1320
28787,2582
28790,2462
28799,2280
28818,2280
28833,1300
28840,2280
28846,1320
28855,1160
28857,1140
28868,1280
28874,40
28881,1160
28882,1160
28884,1560
28907,2280
28911,1160
28921,1300
28922,1281
28926,40
28927,2462
28928,2060
28940,2585
28944,2582
28949,1140
28951,2280
28954,1140
28961,2280
28962,1160
28980,2585
28986,1300
28990,2582
28992,1160
28993,1320
29001,2280
29006,1140
29008,50
29012,40
29017,1560
29023,1300
29036,2522
29048,1280
29057,10
29068,2280
29072,1300
29076,1180
29079,40
29084,2403
29088,40
29099,2905
29100,1300
29104,40
29108,2522
29140,2582
29141,1302
29148,1301
29155,2280
29160,1300
29175,2705
29177,1300
29212,2403
29217,2522
29219,40
29220,1140
29221,2583
29222,1160
29227,2060
29234,1280
29244,1160
29245,1280
29255,1560
29263,2403
29281,1300
29282,10
29284,1160
29292,1281
29293,1160
29294,10
29295,2522
29310,2462
29314,10
29317,1281
29327,2060
29334,2403
29337,1280
29338,2582
29339,40
29340,1280
29344,1160
29345,1160
29346,1160
29347,2280
29353,1160
29354,1300
29355,1140
29360,40
29367,1140
29368,2280
29370,1560
29371,2522
29382,2462
29383,10
29386,1301
29393,1301
29396,1160
29401,2060
29405,2280
29406,1280
29409,1320
29423,2280
29425,1160
29431,2462
29441,60
29444,1140
29445,1281
29466,2280
29467,1160
29469,1280
29474,60
29478,1300
29481,40
29498,1560
29510,2522
29515,1160
29532,1280
29538,1160
29539,60
29549,2280
29551,1280
29553,2403
29563,1302
29566,1160
29571,2905
29577,40
29584,60
29590,1300
29592,2462
29596,1140
29597,1300
29599,1160
29612,1300
29618,2462
29628,2462
29631,2403
29633,10
29636,40
29643,2280
29647,60
29648,2522
29649,1140
29652,1160
29654,1300
29661,2522
29662,50
29668,1140
29669,2403
29675,2583
29686,40
29693,2582
29695,1300
29701,2462
29709,2522
29720,1300
29724,10
29728,2522
29747,1280
29748,10
29749,40
29768,2403
29785,50
29798,2583
29799,1160
29808,2060
29811,1160
29822,2060
29828,2583
29829,1920
29839,1320
29840,1281
29853,1281
29868,1160
29893,1140
29894,2582
29899,1280
29901,2583
29904,1320
29905,40
29906,40
29910,2403
29920,1300
29922,1560
29927,1280
29930,50
29945,1300
29950,1280
29959,10
29982,2582
29986,40
29991,40
29993,60
29996,1140
30000,1560
30002,1281
30015,50
30024,2462
30048,1300
30070,1180
30073,1280
30075,1280
30099,2403
30100,2403
30101,2403
30102,2522
30103,2280
30105,1300
30118,1280
30128,1160
30131,10
30136,1300
30167,1140
30173,2582
30174,1140
30181,1302
30193,1280
30199,40
30205,2582
30209,1300
30222,40
30225,2403
30226,2582
30230,10
30232,50
30233,2582
30247,1280
30248,1300
30251,1320
30253,1140
30268,1140
30270,1300
30274,1180
30290,1160
30299,2905
30303,1160
30304,10
30305,2582
30307,1300
30310,10
30312,2582
30323,1320
30326,1140
30327,2403
30344,1920
30346,2280
30348,1281
30353,2585
30360,10
30363,1180
30365,1140
30369,10
30373,1160
30383,1280
30385,1300
30395,1140
30399,1180
30401,2582
30415,2522
30433,10
30450,40
30451,2522
30462,2582
30470,1320
30474,10
30479,40
30488,1560
30490,1300
30504,2403
30520,1320
30521,50
30523,1140
30528,1300
30542,2583
30575,2280
30580,1320
30583,1140
30586,1140
30591,40
30611,1160
30621,1280
30633,1280
30640,2582
30642,1560
30657,2582
30665,1300
30667,1280
30682,1320
30688,2582
30689,2585
30698,1140
30705,2220
30706,2060
30708,10
30709,40
30710,1302
30712,10
30717,1280
30721,2280
30722,2462
30725,1320
30727,40
30738,40
30740,1300
30743,1300
30745,10
30746,2060
30748,2403
30768,1302
30770,10
30781,1140
30783,1281
30785,2220
30794,1320
30798,1140
30803,1320
30808,2280
30812,1320
30827,2280
30831,1300
30837,10
30855,1560
30869,1160
30876,10
30877,1180
30890,1140
30892,1160
30893,1140
30897,1160
30899,2060
30901,40
30904,40
30905,50
30912,1281
30917,2403
30921,2462
30924,2582
30932,1180
30936,1320
30940,10
30942,1280
30958,2403
30963,2280
30965,1160
30967,40
30969,40
30970,10
30972,2403
30985,1160
30987,2582
30999,1160
31002,1560
31003,1300
31004,1281
31018,1300
31023,10
31028,1300
31036,1300
31037,1280
31041,2403
31043,1180
31055,1160
31064,2403
31079,1160
31082,1280
31088,1140
31097,1160
31100,1280
31103,1160
31109,1560
31113,2585
31151,2280
31156,10
31166,1160
31168,2582
31169,1560
31171,10
31187,2905
31193,1160
31198,40
31201,10
31212,10
31219,1920
31230,2060
31232,1160
31238,10
31244,1920
31251,1160
31266,1281
31270,40
31281,1560
31290,2585
31294,1280
31304,60
31305,1280
31311,2522
31312,40
31323,2583
31332,1140
31333,1180
31340,2403
31356,1920
31360,1281
31375,2585
31381,1140
31382,2582
31384,1180
31393,1281
31400,2462
31407,2403
31412,2280
31418,1320
31425,2403
31426,1160
31444,2060
31456,1160
31461,2462
31466,50
31471,1180
31473,2582
31480,1140
31489,2905
31490,10
31491,1160
31493,2403
31498,40
31505,2280
31516,10
31520,1300
31537,1160
31546,1160
31557,2220
31562,40
31569,1281
31581,1280
31585,2280
31610,1300
31615,1160
31628,10
31640,2582
31656,1160
31658,1280
31663,2905
31679,1280
31687,2522
31689,1160
31692,1280
31697,1560
31704,1560
31706,50
31707,40
31716,2060
31717,40
31718,1300
31722,2582
31724,2403
31730,1160
31731,40
31733,40
31740,2220
31744,50
31754,1300
31755,2462
31770,1160
31782,10
31786,10
31791,10
31817,2705
31823,1320
31829,2582
31836,1280
31844,2522
31851,10
31860,1560
31863,2462
31865,1302
31870,2403
31873,1281
31884,1140
31888,1140
31903,1320
31916,2403
31928,1320
31930,2462
31938,1140
31954,2522
31960,1320
31965,1140
31968,10
31977,2905
31995,50
31997,1560
31998,2403
32004,1300
32006,60
32008,1140
32029,1560
32032,1160
32037,1280
32043,2583
32050,1920
32051,10
32062,40
32078,10
32091,1281
32093,2060
32113,1160
32123,1300
32134,1140
32149,2060
32165,1140
32168,2403
32169,1140
32172,1140
32178,40
32180,2522
32185,10
32192,40
32211,1140
32213,2060
32232,10
32235,2280
32255,40
32262,1300
32263,1160
32302,2060
32311,1320
32317,2462
32320,2522
32324,2403
32326,1300
32345,2403
32346,1140
32349,1920
32357,40
32371,1140
32381,1140
32382,2462
32410,2403
32416,1320
32417,1280
32421,2522
32449,2060
32453,1140
32455,1281
32458,1300
32459,2280
32469,10
32473,2522
32475,1160
32478,1300
32482,2403
32484,2583
32493,40
32507,10
32508,40
32513,2403
32522,1300
32525,50
32531,2905
32539,1140
32542,1281
32543,1280
32556,2583
32570,1140
32591,1280
32607,1281
32611,2060
32612,1300
32624,2403
32631,1300
32643,2705
32645,1140
32646,60
32647,40
32661,2585
32671,1560
32682,1160
32687,1280
32688,2583
32695,1160
32698,10
32702,1280
32741,2905
32742,2280
32746,40
32751,2582
32757,1160
32758,2522
32767,2280
32769,1300
32780,1920
32784,1140
32788,1940
32797,1160
32800,2280
32818,2582
32824,1180
32832,1300
32833,2582
32836,1300
32838,40
32856,10
32862,1300
32868,1281
32878,2462
32881,2280
32893,1160
32901,2522
32917,10
32920,10
32933,50
32934,50
32940,10
32942,1280
32959,2583
32964,1140
32989,10
33009,1280
33013,1160
33026,2403
33044,1160
33047,1180
33049,1140
33059,2583
33061,2582
33063,1320
33070,1160
33072,1160
33082,2522
33083,1160
33087,10
33101,1280
33103,1300
33116,2462
33117,1140
33123,1302
33127,1300
33131,2582
33136,40
33147,2280
33153,2060
33154,2522
33155,2403
33157,2462
33168,2462
33171,1180
33182,1560
33184,2462
33194,2462
33203,2220
33209,2403
33210,1300
33225,2582
33227,2403
33229,2060
33233,1560
33238,2522
33248,40
33252,1300
33260,10
33262,1280
33268,2585
33293,1300
33298,1160
33311,10
33317,1160
33325,2522
33338,1320
33343,10
33344,1160
33357,1160
33403,40
33407,2403
33413,2905
33415,2280
33418,1180
33427,1280
33428,10
33429,1180
33467,1160
33475,1280
33476,1160
33483,1280
33492,1140
33493,2582
33506,1302
33511,2060
33519,1281
33529,40
33539,1140
33549,10
33552,40
33563,2582
33567,10
33572,1300
33573,1280
33574,2280
33589,2582
33596,1140
33601,1320
33605,2522
33607,2280
33617,2905
33619,1560
33628,2585
33630,10
33632,1320
33634,1320
33638,1300
33640,50
33650,2403
33654,2403
33655,40
33663,2280
33664,1140
33669,1281
33679,40
33681,10
33682,40
33690,10
33691,40
33698,10
33699,2403
33706,1140
33708,1300
33710,50
33711,1302
33719,2585
33724,1140
33733,2522
33734,1560
33743,2582
33750,2280
33755,40
33768,2462
33769,2905
33771,50
33775,2280
33780,1160
33781,1300
33788,1160
33792,2060
33793,2280
33796,1180
33806,10
33828,1280
33834,1160
33845,40
33856,1160
33861,2582
33870,2522
33876,40
33878,1160
33891,1140
33901,2060
33906,40
33909,1280
33913,2403
33924,2462
33925,10
33938,2462
33941,2403
33942,1180
33944,60
33948,1320
33951,1560
33955,1320
33962,1300
33966,1300
33980,2582
33986,1300
34002,1300
34018,2220
34028,2060
34031,2462
34035,2403
34046,2280
34049,2403
34055,1140
34058,1300
34074,2582
34075,2462
34082,1140
34085,2462
34089,1302
34092,1280
34100,1281
34107,10
34136,40
34143,1140
34145,1280
34150,1140
34155,40
34162,1140
34166,2280
34169,1280
34176,40
34179,1281
34183,2280
34184,10
34185,1320
34191,1160
34213,2403
34214,40
34216,1180
34220,2060
34231,1920
34238,2280
34248,1281
34249,1281
34283,1300
34288,2905
34289,2582
34290,1920
34293,2522
34299,2280
34300,1140
34304,1160
34330,2060
34333,40
34341,1300
34354,2060
34362,50
34370,1140
34378,1281
34382,10
34387,10
34389,1320
34402,1160
34406,10
34410,10
34416,1160
34421,2582
34425,2060
34426,1140
34428,1302
34441,60
34449,1320
34466,1160
34477,10
34503,2403
34512,50
34513,1281
34519,1940
34522,1280
34530,40
34534,40
34539,1140
34540,2403
34548,40
34554,1160
34593,2522
34597,40
34601,2462
34608,1300
34612,2462
34621,1280
34645,1140
34648,10
34649,2522
34662,40
34664,1160
34679,10
34681,1320
34693,2462
34696,1160
34699,2583
34717,1280
34724,1320
34727,1280
34728,2060
34732,2462
34741,2280
34742,2403
34746,2522
34755,1280
34767,40
34773,2522
34775,1140
34779,1300
34787,2522
34789,1281
34794,10
34814,1140
34815,1281
34823,2060
34825,40
34831,2905
34836,2582
34840,1300
34848,10
34852,1280
34858,1140
34859,2403
34862,2280
34874,40
34876,1140
34895,1140
34902,1300
34909,40
34929,1140
34930,1281
34931,2403
34949,2280
34958,1160
34959,2582
34962,40
34970,1300
34979,2403
34982,1180
34983,40
34997,1140
35013,1320
35024,1300
35033,2522
35046,1280
35048,2705
35052,1160
35062,1281
35082,1320
35118,1280
35125,1140
35153,50
35162,60
35163,1300
35167,40
35175,10
35179,1280
35182,2462
35192,2060
35197,1160
35199,10
35213,1160
35217,10
35222,1140
35233,1302
35245,2522
35253,2905
35254,1140
35260,2705
35266,1560
35274,1320
35283,1560
35296,2280
35297,1280
35298,1160
35307,2462
35311,2462
35314,1140
35321,2582
35325,1281
35341,1300
35351,1160
35352,1140
35354,1140
35359,2582
35363,40
35364,1920
35373,2582
35387,1300
35410,1300
35412,50
35413,10
35420,1281
35425,2522
35428,1320
35438,10
35441,1300
35451,1300
35453,50
35454,10
35455,1280
35456,1160
35460,40
35469,1160
35470,60
35509,1140
35513,2403
35531,2522
35535,1160
35539,1281
35562,40
35574,2403
35577,2403
35586,1300
35591,50
35617,1160
35619,1300
35643,2582
35646,40
35675,10
35696,1280
35699,1281
35709,1140
35715,10
35721,2060
35733,2582
35735,2522
35736,2583
35739,1281
35745,1300
35750,1280
35756,1180
35761,2905
35777,1300
35778,2705
35786,50
35788,10
35789,1140
35791,1140
35795,2403
35802,1300
35804,2403
35812,2280
35832,10
35838,1300
35843,2060
35848,1300
35856,2583
35878,10
35890,40
35906,1140
35926,1281
35931,1281
35933,1300
35934,1160
35949,2280
35950,2582
35957,1281
35963,2582
35964,1280
35980,10
35981,1280
35983,1300
35984,2060
35994,2403
36008,2060
36013,2522
36025,1560
36041,40
36043,1300
36044,2403
36055,1160
36056,1560
36072,40
36073,1280
36079,1160
36093,2403
36105,1140
36117,1300
36124,1160
36125,10
36131,10
36144,1280
36158,1280
36161,10
36165,1300
36175,40
36185,1560
36190,1300
36196,1560
36201,2280
36202,10
36205,1320
36209,1140
36214,1140
36220,10
36229,2280
36231,1281
36233,1280
36234,50
36243,2060
36244,1300
36246,1300
36262,1320
36267,40
36290,1320
36294,1560
36298,1180
36303,1140
36304,2522
36311,1180
36316,2583
36333,1160
36335,2280
36339,1140
36345,2280
36370,1300
36371,1300
36379,2582
36391,2582
36397,1300
36398,40
36406,2060
36418,1302
36420,1560
36427,2522
36437,10
36445,2280
36447,1300
36448,1140
36465,2280
36489,1300
36490,50
36491,1940
36496,1160
36507,2403
36512,1320
36526,40
36538,10
36545,1302
36548,2582
36562,2582
36564,1140
36567,1302
36573,1300
36575,2403
36610,1320
36615,1560
36633,2582
36644,50
36650,2403
36662,2462
36668,1300
36673,1302
36675,1160
36679,40
36696,1300
36698,1280
36699,2280
36701,2462
36704,2280
36706,2582
36712,1300
36721,1160
36733,1320
36739,2280
36740,1320
36752,2280
36761,1160
36765,2522
36781,40
36785,2905
36790,1140
36792,2582
36793,1300
36794,1300
36810,2582
36815,1281
36818,2522
36820,1320
36830,40
36840,2280
36842,40
36843,2403
36847,1160
36851,2403
36864,10
36867,1160
36932,1160
36940,50
36952,2280
36953,1300
36972,2060
36983,1280
36986,40
36987,1280
36995,10
36997,2280
37009,2403
37022,10
37027,2582
37041,40
37042,2280
37043,1140
37061,1300
37067,2582
37070,1160
37074,10
37076,1280
37077,1300
37079,60
37080,2403
37081,1140
37095,2462
37098,40
37102,1300
37108,1140
37116,10
37118,60
37120,10
37124,1320
37129,2583
37130,10
37135,40
37140,1160
37143,1280
37148,2280
37150,2583
37174,1180
37180,1560
37183,1560
37184,2582
37191,2280
37199,2462
37207,10
37218,1140
37225,2705
37237,1280
37259,1160
37264,1160
37267,1280
37285,1160
37291,2403
37297,1300
37302,2705
37305,1160
37308,1140
37316,2280
37336,2705
37337,40
37352,1140
37353,10
37359,10
37369,1160
37395,2403
37397,1180
37399,40
37406,1160
37408,2280
37414,1302
37420,1140
37427,2462
37433,2462
37434,1140
37438,40
37445,1140
37447,1280
37450,10
37452,1281
37454,1560
37459,10
37461,1560
37473,1140
37477,2583
37480,2582
37483,1180
37486,1320
37496,1280
37499,2280
37500,1280
37509,1280
37510,1280
37514,2582
37526,1300
37532,10
37537,2582
37540,10
37542,2583
37558,50
37559,1300
37565,10
37567,60
37578,1300
37579,1140
37585,1140
37587,2403
37600,2522
37603,1160
37606,40
37609,1140
37613,1300
37619,2582
37625,2522
37631,1160
37638,40
37639,1281
37642,1140
37656,1160
37667,60
37684,40
37697,10
37701,1140
37702,1560
37709,10
37717,2522
37723,10
37731,50
37732,10
37733,2522
37739,10
37741,1940
37743,1281
37748,40
37749,50
37752,2060
37756,1920
37771,1300
37792,1560
37794,10
37796,2280
37798,1280
37815,1300
37816,2705
37818,1160
37822,1160
37831,10
37839,40
37846,1160
37853,2403
37860,1281
37866,2403
37878,2403
37882,40
37884,2583
37913,1560
37923,1300
37931,1300
37932,2280
37936,1302
37945,1280
37950,40
37969,1300
37970,2582
37973,2583
37980,10
37982,1940
37983,1281
37987,2583
38005,1160
38006,1160
38008,1140
38009,2280
38018,1280
38021,1140
38022,1300
38028,1281
38031,1160
38032,1300
38036,1302
38062,10
38063,10
38070,1280
38072,1160
38073,1281
38077,1160
38082,40
38087,10
38092,1140
38095,1300
38096,1281
38108,2582
38115,40
38116,1300
38131,1280
38132,1160
38135,2522
38139,2585
38142,2403
38150,1160
38160,2522
38161,2462
38172,1140
38173,1140
38174,1281
38175,2280
38185,2280
38188,1300
38195,2582
38196,40
38208,10
38211,2403
38215,1560
38219,2582
38225,1140
38229,1280
38230,2060
38233,1320
38241,10
38242,1320
38246,1160
38251,1160
38260,10
38267,2583
38278,1560
38284,2522
38286,10
38289,1280
38293,1560
38304,1280
38309,1300
38314,1920
38321,2280
38341,1281
38357,1280
38364,1280
38386,1280
38390,2583
38399,1281
38405,2280
38407,1160
38409,2583
38410,1160
38412,10
38422,1300
38427,1300
38444,1160
38447,50
38461,1140
38472,1140
38486,1280
38487,1300
38488,2403
38494,1280
38496,2462
38507,1180
38518,1140
38520,1140
38521,40
38533,2060
38536,2583
38563,2280
38573,40
38583,1140
38596,2403
38597,1160
38600,50
38601,50
38602,2522
38606,10
38609,2582
38611,2705
38623,2280
38625,2522
38632,1140
38634,1300
38638,1300
38648,2280
38654,50
38656,40
38684,1140
38685,1302
38689,1280
38693,10
38696,1300
38698,1280
38701,1560
38707,1300
38712,2583
38721,2403
38727,1160
38733,10
38740,40
38742,1280
38743,10
38748,1140
38752,10
38754,1300
38757,1940
38761,40
38764,1300
38768,1280
38777,1160
38791,2280
38792,40
38794,1140
38795,40
38796,10
38798,2462
38801,2462
38802,2403
38813,2705
38822,10
38825,2705
38833,1281
38835,2060
38836,2462
38838,10
38841,1281
38850,1300
38851,1920
38859,1160
38861,1160
38868,1281
38869,2582
38883,40
38887,1160
38888,2280
38899,1160
38910,2462
38912,1280
38913,1320
38918,1940
38922,1300
38924,1160
38925,40
38931,2462
38939,1160
38944,1140
38950,1140
38951,10
38955,2582
38968,1140
38976,1160
38977,50
38980,1281
38997,1280
38999,40
39007,1140
39011,10
39022,2280
39031,2522
39034,2403
39036,1160
39072,1140
39078,2522
39082,1320
39084,1140
39085,2403
39099,1160
39104,10
39107,1180
39113,10
39114,40
39124,1280
39130,1160
39146,10
39160,1160
39161,1920
39164,2582
39167,1160
39173,1140
39184,2060
39185,2403
39186,2280
39187,1280
39189,10
39198,2462
39202,2220
39211,1180
39212,1160
39213,1300
39216,1160
39223,2905
39243,1280
39260,40
39261,1180
39264,2403
39271,1320
39274,2462
39285,40
39290,1280
39293,40
39297,10
39298,50
39313,1140
39314,1180
39321,2582
39327,10
39330,1160
39339,1300
39341,2462
39347,10
39350,1281
39354,1160
39356,1300
39357,50
39359,1300
39360,2905
39370,10
39373,10
39386,40
39392,1280
39405,1320
39415,2582
39426,2582
39431,2403
39434,1300
39437,1160
39443,10
39444,1160
39445,1280
39447,2583
39452,1560
39464,1160
39474,1160
39477,1160
39487,1280
39498,1302
39501,2280
39502,2403
39507,1280
39516,2583
39519,2403
39521,40
39527,1920
39528,1281
39534,1300
39536,1320
39538,40
39540,2403
39545,1300
39577,50
39586,1300
39589,50
39604,1140
39608,2583
39609,1140
39627,2280
39628,1320
39637,1280
39639,1320
39640,1560
39649,2403
39650,1281
39657,40
39658,2522
39659,1280
39660,1180
39662,1280
39665,2462
39669,2582
39670,1280
39672,1300
39677,1300
39680,40
39694,2462
39697,1320
39700,60
39703,1160
39709,1280
39711,10
39722,2583
39727,1280
39732,1320
39741,40
39742,1281
39743,40
39748,1160
39756,2403
39762,1160
39772,2403
39780,2462
39799,1281
39802,1320
39818,1300
39830,2403
39839,2705
39850,10
39860,1302
39868,2905
39869,10
39876,1940
39894,40
39895,10
39915,2462
39921,10
39932,40
39935,2582
39938,2280
39940,1280
39950,1280
39951,1160
39955,2522
39961,1160
39968,1281
39983,1140
39992,10
40003,2403
40004,2905
40018,40
40019,1920
40031,1300
40040,1160
40061,1160
40069,1140
40081,10
40084,1160
40085,2522
40089,2403
40096,2280
40098,2403
40099,1140
40119,10
40126,2403
40127,1280
40148,1160
40149,1180
40154,1300
40156,2582
40161,50
40167,2582
40178,2583
40187,1281
40193,10
40199,1280
40207,1160
40221,1140
40222,2583
40227,1280
40230,1160
40236,1180
40238,2280
40241,1140
40244,1302
40250,40
40252,40
40255,1300
40282,2280
40286,1160
40293,2522
40318,1560
40330,1560
40343,1140
40349,1320
40350,2582
40360,2280
40363,1280
40364,2582
40366,2403
40370,1560
40384,1300
40395,2582
40401,2462
40409,1280
40413,1140
40414,2905
40428,1281
40435,10
40447,2522
40456,1920
40466,2403
40477,1180
40482,1320
40487,1300
40488,1140
40489,1320
40491,1180
40492,1280
40493,1160
40496,1140
40502,1281
40505,2462
40511,2582
40520,1140
40524,1300
40526,1280
40533,40
40538,1280
40546,1160
40547,1560
40551,1560
40554,1140
40556,1140
40563,40
40565,10
40567,1180
40577,1160
40596,2582
40599,40
40600,2583
40606,40
40610,10
40614,2280
40615,1280
40619,1560
40623,50
40632,10
40634,1140
40636,1160
40645,40
40651,2403
40654,1160
40658,10
40671,1140
40679,1320
40680,1160
40695,1140
40699,1140
40705,2583
40706,2280
40707,2280
40718,40
40723,2403
40726,1180
40730,1560
40733,10
40734,1160
40744,2280
40749,60
40770,2522
40779,2403
40784,1560
40793,1300
40823,1281
40824,10
40835,1140
40844,2220
40856,1140
40859,1160
40864,2403
40898,1300
40911,1180
40918,1280
40920,10
40925,1302
40941,1281
40945,1300
40950,1300
40951,1160
40953,1281
40959,2462
40971,1281
40972,1160
40976,40
40979,50
40988,2280
40994,50
41005,2280
41007,1180
41011,1180
41035,2403
41037,2582
41043,10
41053,1281
41055,1281
41058,1140
41061,2462
41062,1300
41070,1140
41077,1140
41091,1180
41094,1280
41109,2280
41122,50
41123,1300
41128,10
41136,2582
41139,2403
41143,1160
41178,1920
41187,1280
41189,10
41194,2522
41195,10
41206,1280
41211,2403
41214,1140
41239,10
41242,2403
41256,2583
41260,2582
41274,1320
41282,2462
41286,1302
41289,1160
41314,1560
41320,1140
41324,2462
41334,2403
41340,1920
41373,10
41381,2403
41386,2220
41393,1920
41398,2403
41401,2462
41406,2060
41416,1940
41419,1280
41435,50
41442,1160
41446,2582
41449,1160
41450,2280
41453,1300
41461,50
41469,1180
41495,2462
41503,1300
41512,40
41541,2403
41546,1300
41564,40
41570,1280
41572,2280
41584,40
41587,10
41596,1940
41599,1160
41602,40
41606,2462
41613,1280
41616,10
41621,1140
41622,1560
41624,2403
41632,1281
41637,2462
41645,2522
41663,10
41665,40
41679,1140
41683,2583
41690,1160
41692,40
41696,1140
41707,1281
41709,1560
41714,1140
41717,1320
41720,2280
41721,1280
41736,1281
41742,2403
41746,2462
41754,2582
41763,2582
41772,2582
41782,1281
41802,1300
41803,1300
41804,1140
41808,1140
41810,2403
41811,1280
41818,2522
41826,2582
41838,1280
41841,1300
41842,2522
41848,1140
41851,1560
41860,1140
41877,10
41878,1300
41879,1160
41891,1160
41894,60
41895,40
41900,1280
41903,2582
41905,1300
41910,1300
41914,1280
41916,1160
41920,2280
41925,2905
41929,40
41939,10
41940,1300
41941,2582
41949,1280
41952,2403
41953,1320
41957,2280
41958,1160
41959,2582
41960,1300
41963,1300
41973,1920
41977,2403
41985,2403
41988,1920
41991,10
41992,2582
41996,1302
41998,10
41999,2403
42019,2403
42022,1300
42026,1280
42033,1300
42044,1140
42055,1160
42057,2220
42058,2705
42065,40
42071,2403
42075,40
42079,1160
42090,2522
42091,1300
42094,1302
42102,1280
42109,1300
42112,2403
42114,2403
42132,1160
42136,2280
42145,2583
42153,1560
42159,40
42161,40
42162,40
42165,2522
42166,1281
42170,1300
42172,2060
42177,40
42186,2582
42197,10
42199,2522
42203,40
42212,2280
42233,1160
42239,1301
42240,40
42248,1280
42267,50
42275,1160
42281,1300
42283,1280
42291,1160
42295,1281
42306,10
42310,1320
42311,1300
42321,2280
42356,40
42358,2403
42375,40
42379,10
42380,1280
42403,1300
42415,1320
42428,1160
42443,1280
42466,2522
42474,1160
42476,1160
42478,1160
42496,1302
42507,1300
42512,1280
42520,2522
42544,1180
42566,2403
42567,50
42583,1300
42586,1320
42587,1300
42593,1280
42597,40
42598,2522
42606,40
42611,2403
42615,1560
42624,2403
42630,1280
42633,1160
42639,1281
42650,40
42651,1160
42655,2280
42663,40
42665,1140
42670,2522
42671,1560
42674,2462
42684,40
42712,2462
42713,10
42723,2905
42724,1560
42732,1281
42736,1300
42745,1280
42746,40
42755,1180
42762,1920
42763,1160
42766,1160
42767,50
42770,40
42796,40
42834,2522
42836,40
42837,2403
42838,1560
42843,1280
42846,10
42848,1560
42860,1160
42864,1160
42872,2583
42882,1160
42903,40
42910,1140
42925,40
42931,1280
42938,10
42944,50
42945,1320
42949,50
42980,2403
42982,10
42989,1920
42993,2060
43002,1280
43004,1281
43011,40
43013,2403
43017,10
43021,1160
43023,2403
43033,1281
43052,1280
43055,40
43056,1160
43057,2462
43059,1280
43069,2220
43070,2403
43078,40
43079,1560
43090,1140
43100,1281
43102,1560
43108,1160
43112,40
43117,40
43132,2905
43138,2403
43141,40
43152,1301
43153,1160
43155,1280
43170,2522
43175,40
43176,50
43179,1920
43182,2583
43190,2585
43199,1180
43201,1281
43220,10
43228,2462
43231,1320
43235,1560
43239,1180
43251,1160
43255,40
43269,10
43273,50
43276,2462
43280,2220
43290,1160
43293,10
43295,1160
43296,1140
43305,40
43320,1160
43321,2280
43328,1320
43341,1280
43342,1280
43351,1300
43354,1281
43355,10
43359,1281
43360,1560
43366,1560
43370,2462
43373,1560
43382,1140
43399,40
43401,40
43403,2280
43423,40
43424,40
43432,1140
43435,2522
43436,1280
43438,1160
43445,1160
43446,1160
43447,1281
43450,2060
43465,40
43471,40
43478,2403
43489,2403
43502,1160
43503,2280
43508,1160
43509,2462
43527,2522
43530,1160
43536,2462
43542,1300
43547,10
43555,1302
43556,2220
43559,1280
43560,1560
43571,1320
43578,60
43580,10
43620,1160
43621,2280
43629,2705
43630,1280
43632,1280
43636,2582
43674,1160
43681,10
43692,1320
43694,1160
43714,10
43717,2403
43736,2403
43750,40
43753,2705
43757,1160
43769,2582
43770,1160
43772,1300
43773,1560
43777,1300
43784,1140
43791,2280
43793,2280
43800,2462
43806,1280
43829,1320
43832,1140
43838,2462
43839,1140
43846,1140
43864,2582
43866,1281
43883,1300
43907,2462
43928,1920
43933,1280
43938,1300
43958,1180
43969,40
43972,2280
43973,1300
43976,50
43981,40
43989,1160
43991,10
44000,1300
44008,1140
44012,2403
44017,2280
44035,1140
44062,10
44068,2403
44069,10
44079,1281
44081,1180
44086,1300
44100,2280
44105,2403
44106,1160
44111,40
44113,2582
44120,1140
44160,1180
44178,2462
44184,1160
44185,1280
44192,1920
44198,2582
44205,2462
44206,40
44213,40
44215,1302
44220,1160
44223,1160
44235,40
44239,50
44240,1280
44252,1140
44254,50
44271,2522
44273,1280
44280,2280
44281,1300
44282,2582
44295,1140
44297,40
44300,1320
44311,1281
44322,2280
44329,1160
44345,2585
44358,2403
44379,2220
44383,1140
44385,1140
44387,1140
44402,1300
44403,1280
44404,1280
44408,2583
44410,2582
44412,1140
44416,1920
44423,2060
44432,1160
44433,2280
44445,1140
44452,50
44457,1140
44461,40
44466,1160
44471,10
44474,2280
44476,1160
44477,50
44479,1920
44481,2403
44494,2060
44509,1300
44512,2403
44514,2582
44529,1140
44532,1300
44545,2582
44552,2403
44560,40
44573,1302
44574,10
44576,50
44577,1300
44585,40
44594,2060
44603,10
44616,2280
44620,40
44623,1160
44629,40
44632,2905
44635,40
44638,1281
44661,1280
44662,10
44672,2705
44678,2403
44684,1280
44685,2522
44689,1320
44692,1280
44700,40
44705,2060
44743,2060
44745,1280
44750,1140
44756,40
44757,1160
44764,2280
44769,1140
44781,10
44786,1560
44792,1160
44793,1281
44802,2280
44805,1560
44809,1180
44812,2522
44813,1281
44851,1302
44853,1160
44854,2403
44870,2060
44882,1160
44887,10
44899,1140
44903,1140
44904,2403
44905,1281
44908,2462
44914,1180
44915,2280
44918,10
44923,1160
44950,1281
44958,1320
44968,2522
44975,2060
44985,1160
44989,1320
44992,1140
44994,10
44996,1320
44997,2280
45005,2462
45011,2583
45014,2403
45022,50
45031,1280
45044,1140
45051,2280
45056,2522
45057,1140
45066,2060
45067,1280
45071,2403
45072,1160
45074,2403
45079,1140
45107,40
45108,1140
45127,2582
45162,1920
45168,1160
45169,1300
45173,40
45175,2705
45180,2060
45181,2060
45186,2522
45189,1300
45197,40
45210,1160
45226,1140
45231,1300
45232,10
45249,1920
45250,10
45252,1560
45253,10
45266,1180
45294,1302
45304,1300
45309,1180
45312,10
45317,10
45324,1140
45331,1280
45333,2220
45334,40
45338,10
45339,1560
45351,1281
45356,1300
45364,10
45369,1160
45381,1160
45383,2582
45385,2462
45388,2583
45395,40
45418,1300
45435,40
45436,2583
45439,1160
45452,10
45458,2522
45470,1302
45475,1300
45486,1160
45496,1940
45498,1140
45504,2403
45525,1920
45535,2060
45548,2403
45558,2582
45563,1140
45566,2582
45570,2280
45595,1140
45597,1300
45610,1160
45622,1300
45626,1920
45636,1560
45642,40
45644,2280
45651,1140
45655,1180
45657,1300
45663,1140
45666,40
45672,1280
45673,50
45682,2280
45692,1281
45700,1140
45720,1180
45735,2403
45747,2280
45766,2220
45771,1300
45774,1280
45775,1280
45782,2522
45783,2280
45785,2403
45787,1920
45791,2522
45800,1140
45805,2522
45810,1300
45812,1180
45815,40
45823,1560
45849,1281
45851,1160
45853,2280
45856,1140
45860,1160
45863,1560
45866,1160
45867,1280
45875,1140
45879,1140
45880,1300
45882,1281
45884,1560
45885,2462
45890,2905
45911,1560
45912,10
45918,1160
45922,2583
45934,1300
45935,10
45954,1140
45968,1160
45984,40
45988,1180
45992,2462
46013,1140
46016,10
46031,10
46032,1281
46033,2522
46037,1140
46047,2280
46052,2585
46063,2280
46064,2403
46071,1300
46086,1160
46087,2060
46088,1300
46093,2060
46094,1160
46097,1300
46098,2462
46107,1160
46113,1140
46120,2705
46124,1940
46127,1160
46131,1140
46144,1140
46152,2280
46154,1160
46192,1140
46198,1281
46201,1281
46205,2582
46206,60
46214,2583
46225,1320
46226,10
46239,1160
46242,1280
46246,50
46247,1560
46248,1280
46249,2280
46251,1280
46252,1281
46256,1320
46262,2280
46275,2462
46299,2403
46301,2905
46309,1140
46317,2280
46325,1160
46326,2462
46332,2280
46333,2403
46340,40
46347,1160
46348,1301
46364,2403
46369,50
46394,1280
46395,40
46409,1140
46414,1160
46420,1281
46427,2462
46431,2462
46439,1160
46443,40
46447,1280
46455,1300
46482,2403
46483,2905
46486,1160
46489,2403
46491,1920
46534,1560
46545,1280
46547,10
46551,1160
46553,2582
46556,1300
46572,2582
46583,2280
46584,2280
46586,1140
46587,1300
46594,1300
46614,10
46620,1140
46623,50
46626,1281
46630,10
46635,2280
46640,2582
46651,2522
46652,1280
46658,1280
46677,10
46690,1281
46699,40
46708,1300
46731,1280
46741,40
46757,1160
46769,50
46770,2280
46778,1281
46784,1302
46787,10
46792,1281
46794,1160
46802,2280
46812,2522
46819,1160
46821,10
46822,1300
46825,2280
46835,2403
46841,1280
46846,1140
46849,2582
46850,40
46857,2403
46860,1280
46867,1140
46870,1140
46878,1180
46892,1300
46909,1560
46917,1300
46918,40
46936,1180
46943,40
46947,1280
46953,2462
46958,1160
46959,10
46962,1560
46968,1160
46990,1140
47002,1560
47004,2280
47008,1281
47009,1300
47020,1280
47023,1300
47029,2905
47032,40
47047,1160
47048,1140
47051,1140
47056,10
47059,1320
47061,1180
47067,1320
47069,40
47073,1302
47076,1280
47105,2280
47107,1160
47110,1180
47116,10
47122,1160
47124,1160
47126,1140
47136,1300
47144,10
47156,2582
47159,10
47166,1300
47167,2522
47170,1300
47175,2582
47178,2582
47182,50
47209,2403
47223,2905
47227,2905
47235,10
47236,1302
47270,2280
47274,1160
47294,2462
47311,2582
47319,1140
47330,10
47333,2583
47343,50
47347,2060
47355,1280
47362,10
47369,1160
47375,1300
47379,2280
47381,1560
47391,1280
47396,2280
47413,1320
47418,1920
47439,2582
47445,1160
47451,1300
47455,1140
47460,10
47464,40
47474,2583
47477,2280
47478,2462
47479,2403
47491,1160
47492,2280
47493,60
47513,1280
47522,1160
47525,1140
47540,2462
47542,1140
47543,1300
47544,2280
47550,40
47551,2060
47562,1140
47564,2585
47566,2280
47568,2403
47576,10
47590,10
47595,40
47609,1300
47611,1280
47642,2462
47651,10
47657,1300
47680,1280
47682,50
47693,2462
47698,1300
47702,1160
47726,2403
47737,1560
47742,60
47743,2403
47746,2060
47753,10
47761,2582
47768,1280
47775,2280
47777,1160
47794,1280
47797,1140
47802,2403
47804,1160
47805,2060
47808,1302
47817,1140
47827,40
47836,1281
47847,10
47852,40
47854,1320
47861,10
47869,10
47877,1300
47894,1280
47895,2403
47901,1300
47906,1140
47916,1140
47919,2060
47924,40
47928,2280
47932,1280
47938,1160
47945,1160
47954,1140
47960,2280
47961,1140
47966,2403
47970,2585
47974,1140
47977,1160
47982,10
47983,1280
47987,2462
47994,1140
48005,10
48006,1280
48009,2583
48011,1300
48019,2060
48036,10
48043,1280
48044,1280
48053,2522
48070,1300
48085,2462
48093,40
48098,1302
48101,2060
48102,1140
48103,1140
48104,1160
48105,2403
48106,1560
48108,1920
48119,1160
48133,1320
48134,2060
48143,2522
48156,1280
48163,2522
48166,1140
48173,2403
48176,2462
48178,2522
48188,1160
48197,40
48199,2462
48203,1281
48205,1280
48217,1160
48226,1160
48231,2905
48244,10
48246,1140
48258,1140
48263,1560
48268,2462
48269,2403
48276,1300
48287,2462
48290,1140
48302,10
48306,2585
48315,2403
48316,1180
48332,60
48336,2280
48340,2705
48345,60
48354,1280
48360,1280
48382,2582
48385,1300
48399,2462
48417,1160
48422,2280
48428,1302
48429,2582
48439,2220
48440,1160
48442,1160
48446,2403
48466,1160
48467,2585
48470,2280
48473,1300
48482,1280
48486,1140
48493,10
48502,2280
48503,1300
48516,2280
48526,40
48531,1140
48533,2403
48538,1281
48541,1280
48549,10
48551,1280
48552,1280
48553,50
48573,2280
48574,2280
48583,1280
48589,2060
48597,1281
48598,1140
48601,1140
48614,1280
48619,2403
48620,2462
48628,1280
48633,1302
48642,10
48651,10
48659,40
48660,2280
48669,1140
48679,2462
48682,10
48683,2585
48690,10
48693,1280
48705,1160
48708,1940
48711,50
48722,10
48727,40
48729,1140
48743,2403
48756,10
48763,1160
48772,1300
48773,1160
48774,1300
48797,1180
48805,2582
48806,2280
48808,40
48809,2462
48810,40
48811,2522
48812,1300
48819,40
48820,1281
48829,1280
48840,10
48846,1320
48849,1280
48850,10
48854,1140
48862,1180
48867,2060
48872,1920
48876,2462
48878,1280
48881,1300
48884,1281
48889,2905
48894,1300
48903,2582
48905,10
48906,2280
48910,2462
48950,2582
48954,1300
48955,2403
48960,1281
48969,2585
48976,1300
48983,1281
48988,2403
49001,1300
49002,10
49006,2522
49014,2403
49021,2462
49047,10
49052,2403
49054,1280
49065,1280
49066,2462
49067,1160
49072,2582
49073,2280
49077,1280
49084,1280
49085,1180
49087,1160
49088,1300
49090,40
49093,1160
49094,2462
49099,1280
49100,2522
49103,1160
49106,10
49113,1280
49114,1280
49127,2582
49131,2280
49135,1160
49139,2403
49143,50
49148,2060
49158,2403
49161,1560
49169,2582
49179,2582
49181,2060
49182,1280
49183,1920
49185,10
49190,1320
49194,60
49210,2522
49213,1140
49223,10
49228,50
49237,2462
49238,1280
49240,2060
49243,10
49251,2280
49257,40
49262,2705
49268,1140
49273,2403
49277,2280
49298,1160
49311,1160
49319,40
49324,2582
49331,10
49352,2060
49359,10
49365,2403
49380,1302
49385,1160
49406,40
49414,10
49430,2582
49436,1280
49446,40
49449,2280
49454,10
49464,40
49471,1280
49472,1180
49473,1140
49474,1300
49483,1160
49488,10
49490,2403
49491,2582
49492,1280
49495,1301
49501,1280
49512,10
49520,2522
49521,2582
49526,1160
49533,1180
49534,50
49545,1160
49552,1140
49553,1280
49557,1140
49560,50
49564,2462
49566,2060
49577,10
49578,1302
49587,10
49619,1160
49626,1300
49635,40
49644,2582
49646,50
49663,1160
49671,1560
49678,2462
49681,2582
49682,1280
49692,1280
49693,1140
49709,1300
49711,10
49728,40
49730,1280
49732,1300
49740,1160
49750,2280
49752,40
49753,1280
49755,2583
49765,1140
49771,10
49791,2583
49805,1300
49823,2060
49836,1300
49840,1300
49846,2280
49847,1280
49855,1281
49864,1920
49870,2905
49881,2582
49883,40
49886,1560
49889,1920
49902,1320
49913,2280
49917,1280
49918,2280
49920,2060
49922,10
49929,1320
49936,1920
49938,2585
49939,1160
49943,40
49951,1140
49953,1300
49959,40
49963,2583
49966,1302
50005,1180
50008,50
50012,2403
50016,10
50028,10
50030,40
50032,1281
50035,10
50036,1160
50045,2522
50054,2280
50062,1280
50064,1300
50065,1180
50090,1160
50104,1160
50105,2462
50125,1140
50128,10
50147,2582
50150,2582
50152,40
50160,2403
50162,2060
50172,1180
50188,1560
50189,10
50193,1560
50199,40
50201,40
50206,2280
50208,10
50216,2060
50219,1560
50230,1140
50239,2582
50246,1160
50252,1300
50253,2403
50254,1140
50266,10
50274,1280
50276,60
50279,1281
50283,1280
50285,1320
50295,10
50298,1300
50313,1180
50315,1280
50316,1300
50320,40
50362,40
50367,2462
50369,2582
50377,2462
50379,1280
50383,2462
50400,1160
50404,2583
50405,40
50422,1300
50425,1160
50426,2280
50430,10
50431,1140
50433,1281
50435,2582
50436,1140
50442,2705
50445,2403
50480,1320
50483,1320
50484,40
50492,2583
50500,1280
50504,1280
50506,2462
50518,1160
50520,1281
50523,2905
50525,1300
50527,1160
50552,2462
50557,40
50558,40
50563,1160
50569,40
50570,2462
50579,1280
50581,1320
50592,1160
50596,1280
50599,2403
50615,2522
50625,40
50633,2280
50634,1140
50639,2582
50641,1160
50645,40
50646,1320
50656,2280
50662,1280
50666,1920
50668,2582
50670,2280
50678,40
50684,1280
50701,40
50716,1280
50717,2403
50721,1300
50724,40
50725,1160
50748,10
50752,2705
50783,1280
50805,1140
50809,2905
50811,1280
50816,1160
50819,2403
50831,1560
50835,1160
50838,2705
50839,50
50841,40
50845,1180
50847,2522
50851,2582
50853,1300
50855,1300
50856,1320
50860,2280
50863,1160
50869,2462
50885,1560
50890,40
50902,1281
50907,1140
50909,1160
50913,1300
50914,1160
50925,1300
50938,2462
50939,1281
50953,40
50954,1280
50955,1280
51001,1180
51008,1140
51010,60
51012,10
51014,40
51016,1160
51023,1920
51030,1160
51031,2280
51033,2585
51051,1160
51058,1920
51064,1560
51107,1280
51110,1160
51119,2582
51130,1280
51133,1280
51139,2905
51146,1300
51169,1140
51172,2582
51181,1160
51182,2582
51183,1560
51184,1160
51190,1920
51193,40
51194,1302
51196,1281
51197,2582
51198,10
51201,2403
51205,1160
51211,2582
51227,2403
51228,1160
51233,1140
51242,2705
51250,1280
51255,1160
51263,2522
51267,1302
51269,2060
51273,2403
51276,1160
51277,2060
51287,1940
51291,2582
51292,1302
51302,1140
51305,1300
51308,1302
51321,10
51332,1281
51340,2905
51343,1302
51345,2905
51349,2462
51389,2582
51394,1560
51399,1281
51405,2462
51406,1140
51410,2462
51413,1180
51419,2403
51420,2462
51422,2280
51435,2280
51446,2403
51449,1280
51454,2060
51459,1280
51475,1140
51487,1140
51492,1140
51504,2522
51505,1300
51507,1320
51519,1280
51525,1281
51527,10
51535,1300
51544,2522
51546,2583
51549,1280
51562,40
51574,1280
51593,1160
51595,1140
51606,2403
51608,40
51611,1140
51615,10
51616,2403
51620,1560
51621,2403
51623,10
51630,2403
51632,1560
51667,1320
51670,1300
51674,40
51696,1280
51714,1140
51720,2060
51731,1160
51746,1302
51754,1280
51763,1280
51765,1140
51782,2462
51789,2280
51792,2522
51811,50
51813,10
51815,1560
51818,2403
51838,1320
51843,1280
51851,2280
51868,1160
51882,10
51883,1160
51891,2462
51902,10
51905,1281
51907,1280
51908,1140
51930,50
51934,1280
51937,1140
51957,50
51961,1160
51964,1140
51966,2582
51979,2060
51991,2582
51996,1160
52006,2060
52009,40
52010,1140
52015,2280
52029,50
52031,2060
52043,1300
52044,1160
52046,40
52054,40
52066,2582
52068,1320
52072,2280
52076,1160
52094,2585
52097,1300
52107,2403
52109,1140
52111,1140
52113,2582
52114,2582
52118,2522
52134,10
52135,1560
52158,2582
52173,1281
52174,40
52179,1940
52180,10
52183,10
52195,1140
52196,40
52198,2905
52202,2462
52208,40
52213,10
52216,1281
52219,1280
52223,1160
52233,1920
52235,1140
52237,1281
52239,2280
52251,2582
52252,50
52259,1281
52261,1300
52282,2060
52290,1300
52291,1302
52306,1300
52321,1300
52325,40
52326,2705
52339,1281
52342,2582
52379,2280
52384,40
52385,1300
52386,40
52401,2280
52405,2462
52408,2060
52420,1180
52434,1140
52439,40
52449,2522
52457,1280
52463,40
52464,1300
52479,1280
52487,2220
52493,2583
52501,1920
52512,1560
52517,1140
52521,1300
52522,1281
52532,1300
52537,40
52542,2403
52553,1300
52571,1140
52575,2280
52578,1920
52587,10
52592,2462
52596,2220
52602,2060
52619,1140
52632,1300
52634,1140
52659,1280
52660,2582
52664,1160
52672,2585
52673,1280
52675,1160
52678,50
52686,1180
52689,1280
52690,1140
52691,1160
52693,1280
52711,1160
52715,2582
52723,1160
52730,1280
52757,50
52759,2403
52783,2403
52787,1302
52794,2403
52803,2462
52805,2280
52815,2060
52833,2403
52838,50
52840,2403
52850,10
52857,1160
52866,1320
52867,40
52874,2280
52886,1300
52892,2403
52894,1920
52895,2462
52905,40
52912,1180
52917,60
52927,40
52939,1320
52942,1300
52943,1560
52947,10
52955,10
52956,1281
52963,1320
52968,2403
52970,1280
52971,1300
52977,40
52983,10
52992,10
52998,2280
53005,2403
53012,10
53016,1281
53018,1160
53022,1280
53049,2582
53053,2280
53060,1180
53063,2280
53065,2280
53069,1160
53076,2060
53081,1180
53083,60
53086,1560
53091,2582
53092,1281
53115,10
53137,1302
53147,1140
53150,2522
53155,1280
53162,40
53165,1320
53174,1280
53177,1140
53180,50
53185,40
53186,2462
53187,2060
53189,1560
53199,2280
53218,2060
53231,1160
53243,1160
53247,1281
53253,2280
53257,1281
53273,10
53274,2280
53280,1320
53295,2905
53323,10
53328,2403
53329,1160
53330,1280
53333,2462
53347,1160
53349,1560
53355,1281
53356,1280
53357,2462
53386,2583
53419,1300
53420,2403
53422,1160
53432,40
53438,10
53439,1140
53450,1280
53454,40
53464,1140
53475,1280
53483,60
53486,40
53491,2403
53492,1280
53494,1280
53499,2462
53500,10
53508,2060
53510,1280
53512,1300
53525,1140
53542,2280
53545,10
53548,1140
53560,2403
53565,40
53583,1140
53588,1180
53595,2280
53600,1160
53604,1160
53606,40
53617,2583
53623,2585
53627,10
53628,2522
53633,1280
53636,40
53644,1300
53647,1281
53651,40
53667,2403
53672,40
53679,10
53700,1281
53703,1140
53715,2403
53725,1320
53730,2462
53743,1160
53785,1280
53786,1300
53788,40
53789,1160
53795,1300
53802,2280
53804,1140
53816,60
53818,40
53824,10
53836,10
53837,40
53843,2582
53846,60
53847,1300
53850,1560
53859,1160
53872,10
53877,1280
53887,2462
53904,40
53919,2280
53923,10
53924,2060
53939,2583
53944,1160
53954,10
53993,1280
54009,2280
54016,1180
54017,1281
54018,2403
54037,2403
54051,1300
54059,1140
54062,2705
54068,1280
54071,1280
54079,1560
54090,2280
54098,1160
54116,1280
54127,1160
54128,2462
54137,1140
54141,50
54142,10
54147,1160
54169,1140
54182,1160
54188,2582
54193,50
54197,1140
54202,2462
54209,2522
54220,1300
54222,1140
54223,40
54229,1280
54231,10
54232,2403
54238,1280
54241,1300
54261,1140
54262,2220
54263,1140
54268,2403
54276,1180
54279,1160
54280,10
54289,1140
54292,1280
54300,1281
54302,1320
54316,50
54320,2462
54324,1180
54325,1300
54332,10
54334,2582
54338,2582
54341,1300
54343,1300
54347,2403
54360,1140
54368,40
54369,2280
54377,1160
54405,2582
54410,1320
54421,40
54426,2582
54428,1160
54435,10
54446,1160
54449,1281
54452,1320
54456,1140
54464,2462
54468,40
54469,2060
54492,2582
54495,2280
54496,1920
54503,1160
54511,1160
54558,1300
54589,1300
54601,10
54613,1281
54619,2583
54622,1140
54624,2462
54625,1280
54632,1280
54641,1140
54653,1280
54656,1300
54660,1140
54664,2462
54674,1140
54682,40
54685,2583
54699,1281
54701,1560
54728,1320
54738,2280
54743,2060
54762,1300
54766,1300
54769,2462
54779,1920
54789,10
54796,1160
54814,1140
54816,2582
54827,2522
54831,1160
54835,1160
54850,1280
54857,40
54859,2462
54864,1300
54867,2403
54868,2280
54872,1280
54873,1160
54881,10
54882,1160
54921,1940
54928,2522
54938,1160
54939,2403
54975,1300
54981,10
54994,2403
55002,40
55005,1160
55007,10
55010,1320
55014,1560
55023,1140
55026,1302
55030,1300
55034,2462
55052,1280
55056,2582
55058,1160
55062,1280
55071,1140
55076,10
55079,1160
55091,1140
55097,1140
55115,2462
55119,40
55136,40
55143,2585
55149,2280
55156,1300
55166,1280
55174,1300
55179,1160
55181,2403
55203,1140
55206,1160
55210,1300
55217,2060
55219,1140
55225,2280
55226,1160
55233,40
55236,1280
55243,1560
55257,2280
55263,1300
55275,1160
55277,1280
55284,1280
55297,10
55302,1300
55322,1280
55324,1140
55330,1140
55335,1320
55343,1140
55345,1140
55361,1140
55362,1300
55363,2403
55367,2280
55375,1320
55384,2462
55387,2582
55392,2582
55395,2220
55399,2060
55411,1160
55413,1160
55416,1140
55417,10
55444,1281
55446,1140
55455,2403
55462,1280
55487,1160
55488,10
55503,1160
55508,1560
55510,1560
55520,1560
55524,1280
55527,1320
55529,1160
55540,10
55572,2403
55575,1560
55591,1560
55597,2582
55600,1160
55601,2280
55606,1300
55608,1281
55610,1301
55623,1160
55629,40
55639,2462
55649,1180
55658,1920
55674,50
55676,2522
55698,10
55715,2280
55717,40
55722,1160
55730,1160
55734,2280
55737,40
55772,2582
55775,2220
55777,1140
55782,2583
55784,10
55798,2905
55800,1300
55804,1140
55805,40
55806,40
55813,1281
55819,2280
55822,10
55825,1140
55829,10
55831,1281
55832,2583
55836,1300
55839,1300
55841,1140
55846,1140
55851,2280
55853,1300
55866,1140
55886,1140
55887,2060
55891,2462
55898,1280
55914,10
55915,10
55916,2522
55919,60
55931,1281
55933,1281
55946,2403
55949,1140
55969,10
55971,1560
55972,1560
55990,50
56001,2585
56016,2280
56021,10
56023,1300
56031,1160
56036,1280
56038,50
56041,2280
56044,2583
56072,1920
56074,2522
56077,10
56082,1280
56085,1280
56090,1160
56092,1302
56095,10
56098,1300
56108,2462
56124,2280
56139,40
56143,1302
56157,40
56159,1300
56160,40
56173,2280
56175,1160
56195,1140
56198,1140
56200,2403
56205,2060
56213,1160
56226,40
56227,1160
56231,2582
56237,1280
56241,2060
56245,1281
56255,1280
56281,1280
56285,1300
56288,10
56299,1281
56302,2280
56303,2583
56313,2522
56315,10
56323,2583
56333,1160
56341,1300
56344,2522
56352,1281
56362,1140
56364,2905
56372,1281
56382,1301
56385,40
56398,1560
56403,2462
56405,2403
56417,1281
56420,40
56450,2403
56459,50
56480,1300
56486,1300
56489,1280
56510,1280
56512,1160
56513,1300
56519,1281
56525,2582
56531,40
56533,1920
56536,2905
56541,1281
56547,2280
56548,1281
56551,2905
56557,1280
56561,1320
56567,10
56571,40
56574,1320
56583,1140
56586,40
56588,2060
56592,1280
56600,2522
56610,2522
56611,2280
56617,1560
56631,2522
56632,2280
56633,50
56641,2060
56650,2582
56657,1140
56658,1160
56687,2403
56692,1300
56703,1320
56710,2403
56715,2582
56716,40
56739,2280
56740,2403
56742,1280
56743,1320
56744,1160
56749,2280
56752,1140
56754,2403
56769,1160
56780,1160
56801,10
56804,1140
56805,2583
56818,2462
56828,2462
56839,2403
56847,1180
56850,2582
56864,1160
56882,1280
56890,50
56902,40
56908,1300
56925,1140
56926,2582
56928,1301
56932,1281
56966,2582
56967,1320
56980,10
56984,2582
56986,40
56989,1140
56995,50
57009,10
57010,10
57022,2462
57029,1280
57031,2582
57057,1160
57060,2403
57062,1320
57071,1302
57078,50
57085,2583
57090,1160
57092,1140
57095,1160
57098,2220
57102,1180
57115,40
57120,40
57124,10
57126,1320
57137,1160
57153,1560
57155,50
57159,1281
57173,60
57186,1300
57193,50
57195,1302
57202,1280
57207,2280
57215,1160
57229,1140
57231,1160
57234,40
57239,40
57242,10
57245,1280
57258,10
57265,1320
57268,1280
57270,1280
57271,2403
57273,10
57276,40
57277,10
57283,1160
57291,2462
57300,2582
57302,2403
57303,2403
57313,1280
57315,2522
57317,2582
57320,1160
57328,10
57339,40
57340,10
57342,1180
57345,2280
57347,2522
57351,10
57352,1140
57358,1280
57384,60
57389,1320
57395,1160
57398,1300
57417,1140
57422,10
57429,1280
57440,2582
57445,2522
57449,2583
57450,40
57453,2403
57462,1300
57471,1300
57473,10
57480,1300
57482,10
57493,1300
57496,1300
57502,1281
57508,40
57526,1300
57531,2462
57532,1320
57544,1560
57558,1160
57559,1281
57564,10
57578,2583
57586,1140
57592,1160
57593,1300
57595,1560
57599,1300
57612,50
57622,2582
57630,1300
57643,1140
57645,50
57646,1180
57649,10
57653,2280
57663,40
57672,10
57697,1300
57713,2280
57720,1280
57725,2582
57726,2060
57730,40
57753,2462
57755,2582
57781,1920
57782,2280
57795,1280
57806,2522
57820,1280
57824,50
57831,1281
57835,1280
57849,1560
57861,1160
57863,1920
57867,2462
57874,1140
57880,40
57882,1300
57884,2522
57892,1280
57896,2582
57898,1281
57901,40
57903,2060
57905,40
57918,10
57926,40
57941,40
57962,50
57969,2280
57983,1160
57991,1180
57999,1160
58004,2462
58012,2583
58014,10
58018,2280
58023,2280
58031,1560
58034,1280
58035,2403
58040,1160
58048,1302
58054,10
58055,1300
58076,2403
58078,1160
58083,1280
58085,1300
58093,10
58094,40
58097,1140
58118,2522
58126,1160
58129,10
58137,1180
58141,10
58148,1302
58156,1140
58165,1140
58172,1920
58175,1160
58187,2280
58190,2060
58193,1302
58197,60
58231,40
58235,2280
58247,2582
58263,2585
58264,1280
58272,2403
58284,1160
58286,1281
58291,1280
58296,2060
58301,1320
58306,1180
58312,40
58316,1280
58319,10
58325,2522
58334,40
58343,1280
58344,2060
58353,1920
58354,1300
58365,2403
58374,2582
58381,1280
58382,40
58385,10
58391,40
58403,1160
58409,1140
58411,2582
58464,1560
58469,1160
58477,1280
58493,1280
58494,1140
58495,2582
58515,1160
58520,2582
58537,1300
58543,1300
58592,1180
58593,2060
58599,1281
58607,1160
58610,1300
58612,1560
58618,1320
58625,1300
58636,1280
58654,1280
58663,1180
58677,2582
58678,2582
58680,1320
58688,1160
58689,10
58692,1281
58712,1300
58713,1140
58718,2522
58732,1300
58738,40
58750,1300
58758,2522
58767,1300
58770,1281
58773,40
58774,1320
58777,1560
58783,2462
58793,1160
58795,1280
58796,1160
58797,1160
58798,1140
58800,1140
58813,2060
58819,10
58824,1140
58829,1160
58830,2280
58845,1140
58851,1160
58866,1920
58867,1280
58871,10
58872,2280
58873,1160
58877,1300
58879,1160
58890,10
58898,2522
58914,2462
58916,40
58918,2220
58919,10
58930,2522
58939,2582
58946,1300
58950,50
58968,2403
58975,40
58978,2462
58979,1160
58990,10
59000,2705
59003,1140
59010,40
59020,1300
59023,10
59036,1280
59038,2582
59052,1300
59054,1560
59057,1560
59062,1180
59071,1300
59092,1160
59098,1300
59110,10
59123,1140
59136,1300
59172,1560
59186,1140
59187,1140
59188,1160
59195,40
59196,10
59212,1280
59215,60
59232,10
59238,1281
59239,2582
59240,1281
59244,1300
59249,2403
59255,1280
59257,2280
59261,1180
59271,10
59272,1140
59278,1140
59287,1281
59293,40
59298,2403
59304,2403
59313,1300
59322,2905
59324,2403
59339,2403
59341,1160
59344,1160
59345,2060
59351,2280
59352,1320
59387,1302
59388,1300
59394,1320
59395,2403
59404,1160
59408,10
59409,40
59412,2582
59414,2403
59420,40
59422,1300
59428,10
59445,50
59448,10
59449,1300
59453,40
59456,2905
59462,2060
59472,2280
59475,2403
59487,10
59494,1280
59497,1180
59507,2280
59517,2280
59520,2280
59522,1280
59523,1140
59526,1180
59535,2582
59548,2582
59555,1160
59562,2403
59569,1300
59590,1320
59594,2403
59595,1160
59613,2585
59616,1300
59619,40
59620,1300
59630,1160
59643,2403
59653,1280
59656,1160
59663,2280
59667,1300
59670,1300
59671,40
59686,2280
59689,1940
59705,40
59711,2462
59713,40
59724,1300
59727,1160
59729,1280
59733,1280
59738,60
59748,1140
59756,1280
59760,1280
59762,2462
59763,1280
59764,1300
59766,2403
59768,1180
59780,1300
59787,2060
59789,1300
59797,2582
59798,2582
59805,2582
59814,1280
59816,1160
59824,1280
59825,10
59837,1281
59842,2905
59845,2582
59859,1281
59875,2060
59877,1560
59883,10
59887,1280
59888,1281
59906,1160
59913,1160
59923,1160
59924,2403
59928,2582
59931,2060
59956,10
59963,2403
59964,1140
59965,2280
59985,50
60007,1300
60018,2522
60023,2462
60026,1160
60033,1281
60035,40
60037,1281
60040,1160
60043,10
60051,1300
60053,10
60054,2403
60072,10
60079,2582
60080,2403
60081,1140
60127,1280
60150,10
60157,2403
60163,2280
60164,1160
60166,1320
60168,1160
60169,1280
60173,1160
60190,1281
60219,10
60220,2582
60236,1160
60238,1140
60249,10
60255,1300
60260,1160
60266,2403
60270,2582
60274,2280
60282,1280
60285,40
60286,2403
60291,1281
60292,1140
60293,1280
60306,10
60309,1160
60311,50
60324,1140
60326,40
60333,1320
60344,1300
60348,1140
60363,40
60373,2280
60382,1160
60386,10
60387,1280
60394,1302
60396,2522
60406,2583
60426,1320
60430,1160
60435,1281
60439,1320
60440,40
60456,40
60463,1180
60472,1160
60473,40
60476,1160
60480,1160
60483,1160
60486,2582
60487,1160
60493,2522
60495,1160
60502,1300
60503,50
60512,1280
60515,1560
60519,10
60523,2582
60536,1160
60538,1140
60542,2905
60547,2705
60556,1300
60562,1160
60565,2462
60566,1160
60568,1300
60582,10
60596,2403
60597,2403
60598,1140
60600,1180
60601,1300
60605,2403
60611,1140
60618,1160
60622,50
60626,2905
60627,2582
60631,1140
60632,2220
60641,2403
60643,1920
60647,2060
60656,1300
60663,10
60671,10
60673,1160
60680,1300
60682,1280
60695,1300
60698,1180
60707,40
60727,1560
60728,2522
60737,1160
60740,2582
60742,10
60746,2522
60759,1320
60767,1140
60768,2403
60783,40
60805,10
60816,2705
60820,1300
60850,2585
60851,50
60861,1300
60864,1180
60871,1280
60873,1140
60900,1300
60916,2403
60920,2582
60925,1280
60928,1160
60929,40
60932,1180
60938,1320
60940,2583
60943,40
60951,40
60952,40
60953,40
60954,1160
60963,1281
60971,1180
60976,1940
60978,50
60983,1160
60988,1280
60989,1160
60996,1160
60999,2280
61002,10
61003,2403
61008,2462
61025,1320
61036,1180
61037,1320
61042,1140
61046,1160
61057,2522
61059,1140
61062,1560
61066,40
61068,1280
61074,1160
61077,1180
61078,10
61082,2220
61090,60
61092,1160
61097,2280
61105,1300
61107,1140
61109,1280
61118,1920
61119,1140
61120,1280
61140,1281
61147,1160
61151,1140
61153,1280
61165,40
61167,40
61179,1140
61188,50
61210,1280
61213,2280
61217,1140
61219,1281
61237,1300
61240,10
61244,1280
61250,2582
61252,40
61254,50
61258,1300
61267,2522
61284,2462
61286,1281
61301,2280
61303,1280
61316,2280
61317,1560
61323,50
61330,1160
61331,1302
61335,2280
61336,1300
61341,2583
61348,1320
61349,2280
61354,1920
61364,1560
61369,10
61376,1160
61377,10
61381,1300
61388,1160
61415,2280
61419,2403
61426,1140
61428,40
61429,40
61432,2403
61433,2403
61434,2522
61443,10
61447,2583
61448,40
61449,1280
61450,2582
61456,1180
61458,1140
61460,2583
61461,1281
61467,2582
61483,2220
61490,2280
61492,1300
61496,1280
61497,2280
61508,2582
61514,1160
61520,10
61522,1160
61535,10
61543,50
61544,1280
61546,1280
61559,1160
61565,2462
61567,1320
61579,40
61585,10
61591,40
61597,1281
61598,10
61602,1280
61609,1180
61615,2403
61620,2403
61622,1280
61624,1140
61639,1140
61641,2280
61645,1280
61648,1280
61658,2522
61664,1160
61667,1140
61669,1280
61673,10
61676,2403
61679,1160
61681,2403
61685,1280
61699,1280
61707,10
61710,60
61730,1180
61732,1140
61734,1160
61743,1140
61760,2060
61765,2403
61778,1560
61779,1140
61792,1280
61801,1280
61802,40
61804,40
61805,1280
61811,1320
61817,1560
61824,40
61828,2403
61831,1160
61834,1140
61841,1280
61844,1280
61851,1140
61853,2582
61864,2522
61866,40
61868,1180
61870,2403
61881,1160
61895,2582
61902,1160
61905,2522
61910,1140
61913,2583
61925,10
61926,1140
61927,2585
61934,1300
61935,40
61944,1300
61947,2280
61968,1560
61972,1280
61978,2280
61981,40
61983,2403
61989,1140
61993,40
61994,2060
61997,1140
62028,2462
62055,1160
62057,1280
62060,2280
62061,1280
62073,40
62075,1180
62092,2060
62104,1280
62110,1160
62121,1300
62123,1140
62135,2060
62148,2060
62165,1140
62166,40
62170,1302
62176,1560
62182,2403
62185,1160
62188,1160
62190,1140
62197,1302
62211,1300
62216,2403
62227,2403
62228,1300
62231,1160
62234,1140
62249,2060
62261,40
62269,2403
62273,2462
62284,1280
62292,1140
62302,1140
62304,10
62315,1300
62316,1160
62320,1300
62331,2280
62332,1160
62333,40
62336,10
62352,10
62359,1300
62364,2585
62376,1301
62377,2060
62383,2280
62384,1160
62397,10
62416,1300
62417,1160
62418,1140
62423,1160
62425,2705
62429,2403
62431,1140
62438,40
62442,1300
62453,40
62461,1920
62466,2582
62469,1140
62470,2280
62477,1160
62484,2403
62487,1160
62507,1320
62508,1140
62509,1281
62518,1140
62523,1180
62526,2583
62531,10
62535,2582
62538,2462
62542,2403
62543,1140
62548,1160
62552,1180
62553,2403
62558,1281
62559,10
62560,2582
62562,10
62577,1160
62583,1180
62584,1560
62590,2403
62597,1560
62599,60
62601,1160
62628,1300
62629,2403
62630,2280
62633,1280
62635,40
62642,50
62656,2583
62657,2280
62660,1280
62665,40
62666,1160
62671,40
62690,10
62696,1560
62698,2522
62726,2583
62740,2582
62749,1160
62754,1281
62758,10
62759,1300
62766,2280
62796,1180
62800,1280
62802,2462
62803,1140
62811,1301
62829,10
62835,50
62838,40
62852,1140
62867,40
62872,1281
62881,10
62887,1300
62896,40
62897,2060
62910,1300
62911,1180
62912,2280
62916,1140
62924,1302
62934,1300
62936,1280
62950,2522
62972,10
62973,1300
62986,2462
62989,1140
62990,10
62991,1160
62994,1280
62997,1320
63012,2060
63016,2905
63036,2583
63038,1140
63040,1300
63042,2403
63048,1280
63056,1280
63062,40
63065,2403
63068,1560
63076,10
63079,1160
63082,10
63096,50
63106,2462
63110,1160
63128,1280
63133,2060
63141,1280
63144,1140
63145,1281
63148,1160
63149,2060
63156,1140
63164,2280
63167,10
63169,2403
63185,10
63187,1280
63190,2462
63200,1560
63201,1160
63209,40
63225,1281
63227,1320
63231,1160
63232,1160
63233,50
63243,2403
63245,60
63250,1320
63269,40
63276,2582
63278,40
63281,1140
63282,2403
63301,50
63310,1281
63311,10
63316,1302
63321,1160
63329,2462
63352,10
63353,40
63361,1140
63363,40
63367,2280
63368,1320
63369,2280
63373,2582
63384,1280
63385,40
63398,1300
63416,40
63425,1140
63426,1302
63440,1280
63453,1160
63461,1280
63463,1280
63483,2582
63491,2582
63492,1300
63497,1300
63505,1180
63512,2060
63513,1320
63517,1320
63525,1280
63539,40
63549,1140
63551,1160
63559,40
63567,1280
63571,1300
63587,1300
63592,2280
63598,2403
63600,2220
63606,1300
63610,10
63620,2403
63625,1160
63627,1140
63631,10
63638,1180
63645,1140
63654,2280
63656,2522
63675,1920
63678,1140
63680,2522
63681,1160
63685,40
63686,40
63694,2280
63700,1160
63710,40
63713,10
63720,50
63725,40
63730,10
63733,1280
63737,10
63741,2462
63756,1300
63757,1140
63760,1160
63765,1281
63768,2905
63771,1280
63800,10
63809,2585
63821,1160
63829,10
63830,50
63833,1320
63850,1300
63853,1160
63857,1302
63858,1140
63876,2522
63880,10
63895,1140
63910,60
63911,1160
63912,2220
63936,2403
63937,2403
63950,1920
63952,2582
63958,2462
63965,2280
63970,1160
63983,1140
63990,1160
63991,1302
64002,2582
64010,10
64012,1920
64028,1320
64035,2582
64040,1300
64045,1160
64048,2462
64059,2522
64088,1160
64089,2905
64093,40
64094,2582
64097,1140
64098,2585
64107,1140
64117,2280
64120,1140
64122,1280
64126,1160
64129,1160
64151,40
64155,2905
64160,2280
64168,2060
64181,1280
64188,1300
64192,10
64197,1300
64198,10
64200,1180
64201,2582
64202,1920
64204,2462
64208,1560
64214,1140
64225,2582
64226,1280
64227,1140
64236,2522
64241,1560
64244,1920
64246,2280
64247,2403
64257,1280
64258,2905
64262,1281
64271,1160
64273,1280
64278,2220
64280,1140
64282,1140
64284,1281
64285,1280
64292,2705
64293,2582
64301,1302
64307,1280
64318,2582
64327,40
64332,2280
64342,2582
64353,1301
64355,1300
64356,1160
64376,10
64380,2585
64392,2280
64400,2582
64405,10
64407,2582
64409,1560
64424,1160
64445,1160
64446,2280
64461,1560
64462,1560
64480,2582
64493,1180
64515,1281
64519,1160
64520,40
64521,1160
64523,1560
64535,2522
64541,40
64542,40
64546,1280
64548,1281
64550,1160
64556,1300
64568,1280
64571,10
64572,40
64576,2582
64578,1320
64580,1160
64590,1560
64595,2403
64607,10
64627,2462
64630,1160
64632,2905
64640,1320
64647,2403
64666,1320
64668,2582
64675,1560
64677,10
64681,60
64693,1920
64706,1301
64707,1160
64708,1160
64713,1160
64730,1140
64732,2280
64754,2060
64756,1320
64768,1140
64774,1160
64781,1281
64785,10
64787,1300
64793,40
64796,2280
64806,1300
64810,1280
64815,2280
64822,2060
64831,1160
64838,2403
64855,1281
64861,50
64871,1300
64874,1300
64877,1140
64887,2403
64889,2522
64908,1300
64910,2522
64917,1280
64918,60
64922,2280
64936,1280
64937,10
64938,2583
64953,40
64962,1281
64967,60
64970,40
64978,1300
64979,1160
64984,10
64988,1140
64989,2280
64993,1281
64994,2583
65009,10
65021,2582
65026,1302
65033,1300
65040,1160
65048,10
65050,1140
65054,1300
65062,1140
65066,2522
65067,10
65068,1560
65069,1300
65071,2583
65076,1302
65087,1560
65089,1280
65095,2583
65100,2060
65104,2582
65107,40
65115,1280
65117,2403
65120,2403
65121,1140
65122,10
65128,2582
65130,1160
65138,2280
65141,1560
65146,1160
65151,1140
65154,1920
65155,1160
65156,40
65170,2403
65177,1140
65180,1300
65187,1300
65195,40
65210,2585
65211,1280
65213,1280
65215,1281
65221,2522
65229,1280
65232,1300
65244,1300
65250,1280
65251,2582
65257,2582
65258,1300
65259,1160
65265,2403
65279,50
65287,1280
65295,2522
65317,1160
65322,10
65332,1320
65352,2403
65353,1280
65364,1140
65367,10
65371,1140
65374,1560
65381,2060
65401,1300
65409,1140
65419,2462
65424,50
65426,1940
65430,1140
65437,1140
65438,40
65445,1180
65448,2403
65457,60
65467,2220
65477,40
65488,40
65489,1160
65497,1160
65499,1281
65534,40
65537,1180
65541,40
65547,1160
65556,1320
65561,10
65563,1160
65572,1160
65573,10
65593,50
65599,2403
65601,2522
65615,1160
65616,2522
65626,1160
65632,40
65635,2403
65641,1280
65654,2403
65663,40
65668,2280
65674,40
65675,2522
65676,1320
65679,1300
65681,40
65685,2403
65690,2280
65695,1140
65696,1160
65699,1140
65705,2582
65707,1160
65710,40
65712,2060
65714,1160
65717,2280
65727,1140
65730,1160
65731,2522
65751,1140
65757,2403
65764,1140
65765,1280
65772,2582
65773,10
65774,10
65777,2403
65778,1140
65780,2582
65791,1280
65794,2582
65797,1160
65804,1140
65824,1280
65827,1140
65830,2582
65836,1160
65839,10
65844,10
65847,1280
65848,2522
65857,1160
65868,2583
65871,1140
65884,1281
65892,2403
65899,1300
65903,1320
65906,1940
65914,2280
65917,1140
65935,1300
65942,10
65943,2280
65944,1302
65945,2462
65950,1280
65957,2280
65969,1160
65985,50
65992,1140
66002,2403
66015,40
66021,1160
66023,1140
66028,2522
66029,50
66031,1300
66037,1140
66039,1140
66052,1281
66062,1280
66074,1320
66079,40
66082,2403
66089,2403
66096,50
66097,40
66102,40
66110,40
66120,2403
66121,1160
66131,2522
66153,40
66159,40
66168,2403
66174,1300
66203,1320
66204,2522
66207,2280
66212,1300
66213,40
66216,1160
66217,2522
66225,1281
66234,1300
66252,10
66253,1300
66274,10
66289,1281
66292,1280
66294,1160
66299,40
66301,10
66304,2403
66315,1281
66317,1140
66357,1920
66365,50
66376,2060
66383,1280
66392,1160
66393,2462
66399,1160
66400,1281
66408,2403
66414,1281
66416,2280
66417,10
66420,1160
66448,2522
66458,1281
66484,2060
66488,1280
66490,10
66498,10
66499,60
66500,1300
66506,10
66510,10
66516,1920
66517,2522
66538,2462
66540,2280
66542,1140
66544,2522
66553,2522
66554,1160
66565,40
66568,2582
66576,2403
66580,1280
66593,2280
66594,60
66602,1920
66611,2060
66617,1160
66619,1280
66620,2280
66628,1140
66635,2403
66637,1302
66640,2060
66649,1140
66655,1180
66657,1140
66665,2060
66683,1300
66687,1300
66696,40
66701,2462
66712,1560
66716,40
66724,40
66726,1281
66730,1920
66735,2522
66737,60
66743,1281
66744,40
66746,50
66757,1160
66764,1140
66765,1140
66771,1301
66773,1560
66777,1280
66782,1280
66787,1180
66790,2220
66791,2462
66802,1140
66807,2582
66809,1300
66815,1560
66818,2403
66823,1160
66831,2705
66842,1180
66852,2403
66861,1160
66870,10
66875,10
66892,1280
66896,1280
66898,1280
66903,1320
66907,2060
66915,2583
66916,40
66919,1281
66925,2462
66930,50
66955,40
66957,1140
66960,10
66968,2582
66975,40
66983,40
66990,10
66995,1560
66996,1160
66998,2705
67000,10
67034,2060
67036,2220
67042,1320
67045,1281
67048,40
67049,1160
67055,2280
67057,1140
67067,1140
67069,1280
67073,1280
67078,10
67110,2462
67133,10
67136,50
67141,1320
67149,1160
67152,2280
67156,2462
67157,1140
67161,1280
67162,1140
67168,2705
67170,1160
67174,40
67177,1140
67187,10
67189,40
67191,40
67194,1300
67199,1160
67200,1160
67219,10
67223,1180
67237,1280
67238,10
67245,1280
67250,2522
67261,1160
67273,1280
67274,1160
67278,2462
67279,2583
67281,10
67303,40
67314,1160
67341,2582
67345,1160
67356,1320
67358,1280
67360,1300
67367,1300
67368,1280
67376,2462
67386,1160
67398,10
67402,40
67416,1280
67427,2403
67430,2462
67443,10
67444,2403
67448,40
67467,2582
67468,1280
67471,10
67473,40
67480,10
67481,1140
67489,1280
67496,40
67499,40
67505,40
67511,40
67513,1140
67516,50
67538,1280
67554,2462
67555,1160
67556,40
67562,1320
67563,40
67565,1280
67574,2403
67580,60
67586,2403
67595,1140
67606,1160
67609,2522
67612,2462
67618,2582
67620,10
67625,40
67628,10
67641,1160
67645,1140
67680,10
67699,2403
67700,1300
67701,2280
67714,2280
67726,2280
67737,10
67743,10
67748,2905
67753,10
67757,1280
67760,2905
67775,1160
67776,1300
67777,1160
67783,1280
67787,40
67794,1160
67798,1140
67801,2522
67802,2403
67815,1320
67839,1280
67849,2582
67876,2280
67879,1280
67881,1300
67883,1160
67898,2522
67899,1300
67901,1160
67904,1280
67909,2585
67913,10
67925,1320
67930,2280
67934,1560
67943,2522
67944,1180
67949,1160
67950,2522
67957,1160
67968,2280
67980,1140
67982,2280
67991,1300
68008,10
68012,2462
68024,1140
68035,2280
68039,2280
68049,1280
68056,2060
68069,2403
68071,2280
68073,10
68077,1300
68078,2582
68080,10
68086,1281
68089,1300
68095,1280
68099,1300
68102,1140
68103,1160
68109,1281
68144,1281
68148,2280
68149,60
68151,1280
68154,2403
68156,1140
68191,1160
68192,1160
68195,1280
68197,40
68219,1320
68223,1180
68249,1280
68253,1280
68254,10
68255,1300
68262,1160
68273,2582
68283,50
68292,1160
68294,2280
68297,1300
68301,40
68324,1160
68357,2403
68360,2220
68364,2582
68368,1280
68372,2582
68375,1280
68382,1140
68403,1280
68408,1160
68425,1160
68427,2280
68433,1280
68439,50
68456,1560
68464,1300
68468,1302
68471,2280
68486,1560
68489,1180
68492,10
68493,50
68494,2905
68496,2280
68498,1920
68499,1160
68513,10
68520,40
68527,2462
68535,1160
68541,2403
68544,1560
68545,2582
68546,1280
68556,1280
68566,2583
68567,1300
68569,10
68575,1560
68585,1300
68594,2522
68599,1300
68601,60
68603,1300
68605,2060
68607,2280
68608,1140
68610,2403
68614,1140
68616,2280
68640,2403
68641,1300
68647,10
68680,50
68681,2462
68688,1280
68708,1160
68717,1320
68719,10
68728,2905
68733,40
68735,2280
68742,50
68759,1160
68763,1160
68769,2280
68775,1160
68777,1160
68788,1180
68808,1281
68811,1160
68837,2280
68841,40
68842,1160
68847,1140
68874,1140
68884,1160
68886,1180
68896,1300
68897,1140
68907,1280
68916,1281
68918,2462
68936,2905
68942,10
68947,40
68948,2582
68949,2462
68950,2582
68955,2462
68971,1281
68974,1320
68979,2280
68984,2280
68990,1140
68995,1280
69011,1140
69018,1280
69022,2905
69023,10
69026,40
69047,40
69058,1140
69060,2582
69083,1281
69085,2280
69094,2583
69101,2522
69102,2582
69103,1160
69108,10
69113,1300
69118,10
69124,2462
69127,1280
69131,2582
69135,2403
69144,50
69146,1160
69151,2582
69161,2582
69166,1160
69167,1180
69172,40
69174,2403
69175,2582
69218,10
69225,1920
69245,1160
69246,60
69259,2462
69263,1281
69270,40
69277,1160
69287,10
69288,2220
69290,1300
69301,1280
69307,1160
69311,1180
69317,2582
69320,1140
69327,1281
69337,1300
69341,2582
69342,1140
69345,40
69350,40
69353,1160
69367,40
69369,2905
69371,1300
69377,1160
69378,1560
69398,2280
69399,1280
69415,2462
69417,10
69420,1300
69421,1160
69422,1140
69443,1140
69444,1160
69445,1281
69447,1300
69448,50
69455,1300
69460,1300
69476,2280
69478,1560
69479,2582
69480,2522
69486,2522
69487,10
69489,1160
69501,2522
69502,2280
69503,2280
69504,2582
69543,2280
69563,1160
69573,2705
69575,40
69583,2462
69586,40
69590,2462
69601,2403
69632,1140
69643,1560
69646,1280
69647,1300
69654,40
69660,1160
69663,1560
69664,1300
69668,1280
69672,2403
69677,1160
69680,40
69686,1160
69688,1140
69696,1320
69701,1160
69704,2522
69712,2403
69718,1140
69721,2462
69735,1280
69738,1160
69742,1140
69743,2280
69745,40
69759,2280
69762,1281
69765,1280
69768,1300
69769,1140
69773,1140
69776,2462
69784,2583
69788,2280
69795,10
69799,2280
69800,1160
69805,1560
69808,2462
69821,2280
69851,2280
69855,2403
69860,2060
69871,50
69875,2060
69888,1140
69892,2905
69894,1160
69901,1280
69904,10
69914,1160
69925,2462
69930,1160
69932,1560
69935,10
69939,1280
69947,1920
69948,1300
69958,2462
69963,1160
69972,1140
69979,40
69980,1560
69985,2060
69994,1280
70002,1140
70009,40
70019,1281
70020,1300
70038,1300
70041,10
70045,1280
70047,2582
70058,1160
70060,2280
70063,10
70071,2705
70072,1280
70077,40
70079,2582
70081,1280
70086,1280
70091,1300
70092,1300
70099,2905
70102,2582
70103,1160
70105,2060
70109,10
70113,1180
70116,40
70124,1560
70125,2522
70126,2060
70134,1281
70148,1160
70151,1280
70171,1560
70185,1320
70190,1160
70192,10
70204,1140
70216,1160
70227,1320
70228,1160
70265,1300
70273,2280
70277,2522
70298,2280
70299,1160
70301,2582
70303,2522
70307,2522
70314,1280
70318,1300
70326,2403
70328,1160
70337,10
70339,1280
70344,1140
70368,2403
70371,2280
70372,2582
70380,2220
70384,2060
70394,1160
70397,1160
70399,1300
70400,1140
70401,1560
70410,2280
70415,2705
70426,10
70427,1140
70430,2522
70434,1280
70438,10
70444,1160
70446,1180
70451,1160
70469,40
70476,50
70489,1280
70505,40
70506,1300
70522,40
70547,10
70560,1300
70563,10
70567,10
70570,1320
70571,1280
70575,10
70586,1180
70588,40
70596,2403
70605,1140
70613,1300
70614,2462
70623,2582
70631,1281
70680,2403
70687,1300
70692,1280
70696,1300
70722,1300
70734,2705
70736,1280
70743,1180
70765,1160
70772,50
70793,10
70798,2060
70800,10
70803,10
70806,40
70812,1281
70823,1320
70826,2582
70846,1180
70848,1140
70849,2280
70851,10
70854,1160
70855,2585
70862,1280
70863,1140
70870,10
70874,2462
70879,40
70882,1180
70884,10
70908,1160
70912,1160
70928,1300
70929,1320
70930,2403
70944,40
70953,10
70957,2280
70958,1281
70963,40
70964,1140
70968,2522
70971,10
70978,2060
70979,2585
70982,10
70988,1160
70993,2522
71000,1302
71001,1160
71006,2060
71011,1281
71013,1300
71044,2280
71048,10
71050,10
71066,1300
71071,1281
71082,1160
71090,2583
71112,1180
71117,10
71120,1302
71144,2462
71146,2280
71152,2403
71154,1160
71169,1140
71206,1140
71212,1300
71225,2280
71251,1160
71279,2905
71285,1160
71294,2403
71297,1140
71298,1160
71304,2060
71313,1160
71317,1320
71318,1280
71323,1160
71327,2280
71336,1140
71346,1560
71369,2522
71370,1160
71373,2060
71386,1280
71393,1281
71403,2403
71414,1160
71419,1140
71421,2585
71432,2060
71434,1160
71435,2462
71441,1140
71446,1140
71471,10
71474,1300
71484,1160
71486,1320
71495,10
71502,1280
71506,1280
71509,1300
71511,1300
71518,2462
71530,1560
71531,2462
71541,1140
71548,40
71558,1300
71565,1300
71575,40
71592,1940
71594,2522
71598,2403
71601,1160
71607,1281
71612,2403
71616,1280
71617,10
71635,1300
71637,1160
71638,1320
71639,10
71643,40
71646,10
71660,1140
71666,2522
71667,1160
71668,2403
71669,40
71684,10
71697,1140
71700,1160
71701,1300
71702,1280
71704,2403
71714,2403
71720,1180
71723,1320
71729,2403
71730,1280
71739,1560
71741,40
71745,1560
71747,1280
71751,2280
71755,2582
71776,40
71782,10
71792,40
71796,1140
71808,2403
71812,2522
71817,1180
71836,1140
71840,50
71852,1280
71857,1160
71863,2403
71883,2522
71884,1160
71915,1300
71922,1280
71925,50
71931,2403
71932,40
71935,2462
71939,2582
71950,1300
71953,2060
71962,1320
71963,10
71969,1281
71977,50
71983,50
71993,2905
71995,1180
72004,40
72005,1160
72014,10
72016,2462
72017,2522
72027,1280
72032,2582
72033,1280
72037,1140
72040,2522
72052,40
72053,2582
72058,1140
72061,1280
72079,2905
72082,2060
72090,1160
72093,10
72106,1300
72108,2403
72109,1302
72127,10
72136,1160
72144,1140
72154,40
72160,10
72176,2403
72185,2522
72194,40
72196,2462
72213,2522
72233,50
72244,1300
72252,2060
72256,2583
72257,1300
72263,1280
72269,2462
72270,2280
72271,1140
72288,1160
72305,1300
72313,1280
72314,2403
72317,1280
72321,10
72323,1160
72329,1300
72336,1300
72340,1140
72345,1281
72370,10
72379,1300
72380,40
72392,10
72395,1140
72396,2462
72398,1280
72403,2403
72408,2585
72410,2582
72454,2060
72455,1281
72456,1280
72459,1300
72461,1160
72470,40
72475,40
72478,40
72483,1281
72496,1281
72497,2583
72500,1280
72508,1180
72509,60
72515,1281
72521,1140
72523,1920
72536,1280
72549,40
72550,2403
72557,2522
72563,2280
72564,2522
72573,2462
72574,1280
72586,40
72589,10
72593,2582
72598,1320
72607,2280
72610,1140
72612,50
72628,40
72632,1320
72634,2403
72638,2280
72644,1280
72649,10
72650,1302
72651,1180
72661,1160
72667,1280
72683,1140
72691,2403
72697,2280
72700,2462
72721,2060
72724,1300
72725,2582
72731,40
72732,1281
72758,2705
72768,40
72777,2280
72779,1281
72782,2403
72793,1560
72807,2060
72819,1160
72827,1300
72828,1160
72838,2905
72842,2280
72849,2403
72871,2403
72874,1160
72875,1300
72884,1560
72885,2403
72895,2522
72906,1281
72913,1140
72918,1140
72924,1160
72930,2280
72938,2403
72948,1280
72976,1302
72989,1560
72991,40
72992,2403
72993,1160
72995,10
72997,1280
73000,1140
73016,1280
73021,2403
73028,1140
73033,2705
73034,1281
73047,2060
73051,1560
73069,1160
73072,10
73075,1160
73081,1140
73092,1160
73095,2582
73106,1160
73108,1140
73109,1302
73120,1280
73125,2582
73128,50
73133,1320
73136,1160
73138,2280
73139,2220
73144,2462
73153,1302
73155,2522
73165,1140
73168,10
73169,1300
73172,1300
73177,40
73193,1140
73199,1140
73221,50
73223,2582
73242,40
73243,1140
73266,1300
73270,1281
73278,1300
73283,1160
73290,1140
73309,1920
73314,10
73322,1320
73324,1140
73328,10
73330,1160
73342,1300
73350,2403
73365,2522
73369,1160
73373,50
73375,1140
73378,1560
73388,1300
73390,1140
73391,1320
73398,1160
73403,1560
73404,1320
73406,1300
73419,1302
73426,1280
73436,2582
73437,1320
73440,1280
73444,1281
73450,1280
73453,1160
73456,1280
73460,1160
73463,2280
73467,40
73476,1280
73492,2280
73494,1300
73498,60
73499,10
73519,60
73522,2220
73525,2403
73530,50
73536,10
73545,1280
73548,1160
73551,1140
73553,10
73563,40
73565,1160
73568,1300
73572,2582
73579,10
73585,40
73591,1300
73597,1140
73598,1140
73610,50
73612,2280
73614,40
73617,40
73619,50
73621,1280
73622,2280
73631,2060
73634,2220
73635,2060
73636,1160
73646,1160
73648,10
73669,1300
73675,1140
73685,1160
73699,50
73710,1920
73717,10
73725,1320
73734,40
73760,10
73765,1280
73779,1140
73799,40
73800,1140
73811,2403
73824,1140
73827,1140
73830,2403
73839,2582
73850,1180
73851,2403
73856,10
73876,2522
73878,1180
73895,1920
73909,2280
73917,1160
73923,10
73930,2462
73946,1160
73950,2905
73961,50
73965,50
73970,40
73972,2582
73982,1300
73984,1160
73991,1281
73997,1140
74000,2060
74015,1140
74020,1140
74025,10
74032,1140
74035,1920
74038,1140
74044,2060
74053,1300
74063,1140
74075,2522
74076,1160
74084,2060
74086,1280
74088,1280
74101,10
74108,2582
74112,10
74148,2280
74149,10
74155,2905
74157,1140
74161,1280
74162,1280
74174,10
74194,1320
74203,40
74213,1560
74234,1140
74235,10
74236,40
74241,1281
74247,1300
74248,10
74251,1300
74252,40
74256,1160
74258,2905
74259,50
74263,2583
74265,1300
74269,1180
74282,1281
74296,2582
74298,1160
74301,1140
74306,1280
74316,2582
74327,1300
74330,2403
74331,1920
74337,2403
74343,40
74345,1160
74357,10
74369,1300
74390,2582
74392,2582
74396,2403
74401,1160
74409,1280
74410,1281
74421,1300
74423,2403
74425,2403
74439,10
74443,1160
74467,50
74472,1140
74493,2280
74496,1180
74513,1180
74514,2220
74528,1280
74532,2462
74536,2403
74551,1302
74556,40
74558,2522
74561,1300
74567,1320
74570,40
74573,1300
74575,2522
74577,1140
74586,1280
74589,1160
74590,1300
74598,40
74619,1160
74624,2462
74629,1300
74632,1140
74635,1160
74636,2583
74656,1140
74657,1320
74673,1160
74674,2403
74675,1160
74698,1160
74700,1281
74701,1300
74702,2522
74714,2582
74723,10
74724,2585
74730,2522
74736,40
74739,40
74749,1300
74754,60
74763,2522
74779,2403
74781,1560
74782,40
74783,2522
74789,1140
74790,2582
74791,1280
74802,2403
74810,1160
74813,1300
74826,1280
74827,1160
74829,1140
74831,1300
74836,1280
74845,1920
74850,1560
74875,2280
74878,1160
74882,40
74883,1160
74894,10
74902,1140
74911,40
74917,2522
74929,2403
74930,1160
74936,1281
74948,2582
74957,1281
74958,1140
74967,2522
74974,2280
74979,10
74981,1560
74991,1302
74994,1560
75000,1160
75001,1300
75005,2280
75011,1160
75017,10
75028,1160
75029,1280
75033,40
75036,1320
75038,2462
75040,1280
75046,2582
75048,40
75052,2522
75059,1300
75065,40
75066,10
75067,1140
75105,1300
75114,2060
75120,2220
75121,1300
75138,2403
75156,10
75158,2403
75162,1280
75172,10
75178,50
75189,1140
75193,2582
75196,1560
75200,1160
75205,1180
75210,1140
75224,1281
75225,1300
75228,2403
75234,2403
75237,1300
75239,2060
75251,2280
75252,2582
75258,1281
75263,1280
75264,10
75267,1160
75271,2280
75277,2280
75280,1920
75285,2583
75294,40
75296,1560
75299,50
75305,1300
75312,1160
75314,1920
75328,40
75329,40
75334,2280
75335,1300
75352,2462
75364,1280
75373,2583
75375,2280
75376,1300
75392,10
75404,40
75409,40
75418,1180
75425,2583
75426,1300
75430,2522
75437,2403
75440,2582
75444,1140
75451,2583
75453,1160
75457,2705
75500,1300
75506,2582
75508,40
75521,1160
75522,2403
75526,1160
75528,2582
75535,1280
75537,1300
75542,10
75547,1281
75558,2462
75584,10
75590,2403
75601,1280
75609,2403
75616,60
75632,2582
75639,2522
75651,1320
75654,1300
75679,1280
75683,1160
75691,1300
75694,2905
75695,1140
75699,40
75700,2462
75707,2583
75709,1180
75713,10
75715,50
75722,2582
75728,1281
75739,1180
75740,1281
75746,2905
75754,1300
75764,2280
75770,10
75771,1560
75775,2522
75784,1160
75787,1300
75812,2522
75814,1140
75823,10
75826,1160
75835,2583
75839,1160
75860,1280
75863,2060
75871,1160
75873,1140
75882,1281
75891,1180
75914,1281
75919,2403
75928,10
75942,2582
75954,50
75960,1280
75962,1302
75963,1160
75965,2462
75970,40
75975,2403
75977,1280
75991,1140
76000,2280
76011,40
76015,1160
76016,2403
76019,40
76020,1140
76024,1560
76028,2582
76037,10
76043,1160
76045,1280
76057,1140
76058,1160
76063,1140
76065,1300
76068,2060
76072,2462
76077,1160
76081,2060
76086,2403
76087,1160
76096,2280
76106,1920
76107,10
76108,1281
76110,1160
76117,2582
76120,1281
76145,1560
76165,1140
76180,1180
76183,1160
76184,1280
76189,2462
76190,2583
76192,2462
76198,1160
76205,2582
76215,2060
76222,1320
76230,1140
76252,1160
76260,2280
76263,1300
76268,1281
76278,2905
76289,1280
76290,1560
76292,2582
76301,1281
76309,1160
76343,1140
76345,40
76348,2583
76358,1280
76359,1300
76362,1300
76370,10
76371,1160
76373,2582
76376,2522
76377,10
76381,2280
76382,1160
76397,2403
76402,1300
76405,2280
76406,40
76417,2403
76426,1920
76427,2403
76430,2403
76433,2403
76445,2582
76446,2522
76448,1140
76451,1140
76459,1280
76462,2403
76466,1320
76478,2462
76480,2583
76481,1160
76482,60
76483,1160
76488,2403
76493,1140
76494,1160
76495,10
76498,40
76512,2462
76526,40
76529,1140
76533,1160
76537,10
76558,2060
76560,1140
76562,2280
76569,2280
76573,1300
76582,2403
76584,1280
76585,1140
76588,2462
76595,2280
76605,10
76608,2462
76611,1140
76639,1160
76645,10
76648,1140
76660,2582
76663,1300
76664,40
76668,1281
76669,2905
76675,1320
76680,1300
76687,2403
76690,2583
76702,1300
76712,10
76722,2705
76726,1160
76806,40
76816,2462
76817,1281
76819,40
76821,1180
76823,1281
76831,40
76833,1300
76852,50
76856,1180
76865,1280
76868,1140
76870,1160
76884,1560
76886,10
76893,10
76903,2582
76912,2522
76922,1280
76923,10
76929,1180
76932,2583
76948,40
76955,10
76959,1300
76968,1180
76972,2462
76980,1300
76984,1280
76992,2462
77001,1180
77002,1560
77006,1160
77007,2583
77009,2060
77013,1160
77016,2280
77021,40
77033,10
77034,1280
77037,50
77041,1160
77046,1280
77047,1281
77054,2583
77055,10
77058,1560
77076,1160
77082,2280
77083,1160
77090,1300
77096,40
77100,1280
77102,2280
77109,2280
77110,2582
77122,2582
77131,2403
77133,1160
77139,1301
77153,1140
77154,10
77157,1180
77159,2060
77161,10
77171,1140
77177,2705
77178,2280
77182,2280
77191,10
77192,1180
77195,1280
77203,40
77217,1160
77237,40
77239,10
77254,2905
77255,1140
77271,2582
77272,10
77273,40
77274,2705
77291,1281
77309,2403
77310,1280
77313,1940
77318,2280
77319,1320
77321,2522
77323,1160
77333,1160
77340,1160
77344,2403
77346,1280
77355,40
77360,2280
77365,2403
77369,1180
77374,1560
77375,50
77377,1281
77378,1280
77382,1140
77386,50
77387,1160
77391,2583
77404,1180
77409,1300
77412,1140
77413,1281
77427,2462
77430,2403
77433,1920
77440,2462
77447,1180
77451,2583
77460,1560
77468,1300
77472,40
77477,1140
77478,2582
77482,2403
77494,60
77498,1560
77500,1160
77504,1280
77512,1180
77524,2280
77528,1140
77549,2522
77552,1160
77564,1300
77574,50
77583,1560
77591,1560
77606,1180
77615,40
77630,1160
77637,2522
77650,10
77694,2522
77695,10
77696,2280
77714,2403
77724,1160
77726,2462
77727,50
77729,40
77731,1140
77751,10
77756,1160
77767,1180
77772,1302
77790,40
77796,1300
77810,10
77812,1140
77813,2582
77816,1281
77837,40
77842,1560
77852,1320
77866,1160
77877,40
77885,10
77894,1140
77917,1281
77918,1140
77922,1140
77925,1280
77927,1160
77935,2522
77936,40
77947,1302
77951,50
77954,2522
77960,2403
77974,1280
77980,1160
77983,1140
77998,1281
78004,2462
78005,40
78007,1160
78010,2582
78020,1281
78022,2582
78030,60
78032,10
78035,1280
78044,2582
78048,40
78054,2280
78057,10
78061,1300
78069,40
78090,1281
78095,40
78105,1160
78130,10
78133,2522
78151,1160
78155,1140
78159,1180
78164,1300
78175,10
78178,1160
78182,40
78185,2060
78187,1160
78197,1280
78208,40
78215,1302
78217,1280
78226,1280
78231,50
78245,2403
78257,1300
78259,1140
78266,1320
78270,10
78274,2403
78299,1280
78301,2060
78303,1280
78307,2462
78308,1281
78309,1300
78310,1160
78311,60
78318,2403
78320,2522
78323,2060
78340,1160
78341,2280
78346,40
78353,1300
78358,1281
78362,40
78364,40
78372,2403
78378,1140
78380,1320
78390,10
78394,1160
78405,2462
78410,1320
78426,40
78431,1160
78434,10
78435,2280
78438,10
78439,1300
78451,1160
78456,1280
78457,10
78461,2403
78468,1160
78499,1140
78500,1280
78501,1300
78503,2522
78504,1300
78506,2403
78511,1280
78518,2280
78529,1280
78542,1160
78544,10
78551,10
78554,2905
78555,40
78570,1160
78573,1281
78600,1560
78602,1920
78628,10
78629,2280
78630,1160
78632,50
78633,1180
78639,2582
78644,1300
78649,2280
78655,10
78662,1280
78668,1280
78682,1300
78683,40
78688,2905
78697,1560
78700,1300
78710,2582
78713,2403
78721,2403
78725,2403
78730,1180
78739,2462
78748,2280
78750,1160
78759,1160
78762,1160
78766,10
78768,2462
78773,40
78783,1281
78787,2060
78788,2403
78804,1140
78806,2403
78825,2403
78826,1300
78837,2582
78842,1160
78851,1320
78853,2280
78855,1280
78862,2280
78865,10
78867,1140
78868,1160
78870,40
78872,1300
78882,2462
78883,1140
78887,1280
78899,1281
78900,2220
78908,1160
78914,40
78926,2583
78931,10
78932,2462
78937,2403
78940,1300
78946,1160
78949,10
78950,1140
78957,2583
78959,2403
78969,1280
78990,1140
78998,1320
79004,2582
79005,10
79013,1940
79021,2060
79022,50
79024,2403
79031,2462
79036,10
79043,2462
79052,1300
79057,40
79069,40
79071,1320
79076,2280
79077,1280
79078,10
79083,1280
79093,1140
79096,1160
79097,10
79106,1300
79109,1281
79111,50
79113,1281
79118,2403
79120,1281
79126,1280
79131,2060
79133,1300
79134,2462
79139,50
79151,1140
79170,2403
79171,1300
79172,1140
79180,1160
79181,1300
79183,10
79195,2522
79197,1300
79206,1160
79210,2583
79230,1281
79236,1280
79242,2522
79258,1300
79262,1280
79266,2582
79267,2280
79270,1160
79271,40
79275,1140
79293,1140
79295,1140
79301,1320
79313,40
79318,1320
79328,10
79346,2582
79353,50
79362,1280
79368,40
79372,1281
79397,2280
79408,1160
79411,2462
79413,50
79414,1140
79423,1301
79454,1560
79468,50
79478,1280
79486,10
79489,1180
79493,1281
79495,1160
79502,1160
79515,2582
79517,2403
79525,1160
79534,1280
79535,1160
79538,2582
79539,1140
79548,1160
79555,2220
79558,1160
79564,1180
79566,2060
79567,1140
79571,40
79572,1140
79582,1140
79583,2060
79599,2462
79600,2583
79611,1302
79613,1140
79617,10
79618,1280
79619,40
79620,40
79625,1140
79633,2060
79634,1140
79643,10
79646,2462
79652,10
79654,1280
79675,2582
79692,10
79694,50
79698,2522
79703,2522
79708,2583
79710,2280
79716,1280
79718,10
79732,2522
79749,2403
79767,50
79771,10
79777,10
79785,2280
79786,1160
79805,10
79812,2403
79813,1180
79824,1140
79830,2585
79831,1300
79832,2280
79834,1302
79837,1180
79843,1180
79846,10
79860,1320
79864,2060
79871,1281
79883,2522
79884,2522
79885,1300
79897,1160
79902,1300
79906,1280
79908,2582
79912,50
79917,1300
79919,40
79921,40
79926,2522
79937,2403
79938,2582
79944,1160
79945,2462
79955,2462
79962,1281
79969,2522
79970,1920
79975,1320
79977,60
79980,1320
79998,2462
80000,1320
80001,40
80014,2462
80017,1280
80019,10
80024,10
80048,2582
80056,10
80057,2280
80067,40
80070,1280
80092,1280
80094,2403
80103,2403
80104,1560
80108,2582
80120,10
80136,50
80137,2060
80148,2280
80150,40
80152,2060
80154,2403
80158,1140
80164,2280
80171,1160
80178,1140
80190,2582
80195,1140
80206,1280
80211,2403
80229,1160
80233,1140
80241,40
80243,1300
80249,2462
80259,1160
80264,2582
80274,1160
80281,1180
80285,2583
80287,40
80292,2582
80293,2585
80303,1281
80307,1300
80321,1160
80327,2403
80351,1180
80358,1280
80361,40
80372,2905
80379,1160
80387,1180
80388,2462
80389,1300
80391,1940
80393,1140
80397,1560
80408,2403
80413,2582
80414,1160
80416,2403
80418,1300
80420,40
80423,2280
80430,1160
80436,40
80448,1140
80450,1140
80473,2582
80475,1281
80477,1140
80483,1160
80486,2403
80494,1140
80498,50
80504,1280
80511,1160
80516,1140
80519,2582
80520,40
80521,1160
80531,10
80535,2522
80539,1180
80540,2403
80550,1281
80560,1300
80561,1320
80565,10
80584,10
80601,1300
80629,1160
80652,1300
80655,50
80658,10
80670,2060
80679,2403
80685,1300
80689,1180
80694,2280
80699,2403
80701,1320
80710,1180
80721,1320
80743,2462
80756,1300
80768,2582
80774,10
80782,1300
80787,10
80792,10
80795,10
80796,2582
80803,1281
80806,1140
80809,2280
80810,2403
80813,1140
80831,1160
80844,1140
80848,1320
80872,40
80877,40
80879,1160
80884,1140
80890,10
80899,1160
80900,2582
80910,1140
80913,1280
80914,2060
80917,1300
80921,2462
80932,1160
80933,1160
80934,2280
80937,2280
80951,2582
80958,40
80960,2582
80968,2522
80976,1300
80979,2522
80990,10
80994,2280
80999,1140
81003,1560
81021,10
81034,10
81041,1140
81042,1160
81048,1140
81057,1302
81063,40
81066,1160
81075,40
81085,40
81100,1160
81104,1140
81129,1160
81135,2582
81137,2060
81138,1280
81141,50
81143,2280
81154,1300
81157,2403
81159,2403
81162,2060
81165,1280
81169,1160
81196,2060
81211,1300
81241,2582
81245,2583
81246,1281
81249,1280
81250,10
81258,2403
81260,1140
81264,1280
81268,1160
81277,40
81296,1300
81299,1560
81312,2462
81318,1281
81339,40
81343,50
81351,1160
81356,1300
81359,2060
81362,2582
81369,1160
81371,40
81372,1160
81386,1140
81393,1320
81396,2905
81397,1300
81401,2582
81412,1160
81429,2522
81431,10
81448,2403
81449,40
81457,1940
81461,40
81462,2403
81463,1302
81466,1302
81471,2582
81478,1180
81492,2705
81507,2522
81509,2522
81510,2280
81519,1160
81551,1300
81561,1160
81578,10
81592,2403
81595,1300
81605,10
81611,1320
81614,1140
81615,1302
81619,1560
81621,2403
81622,2582
81626,1300
81631,1140
81644,1281
81647,40
81650,2522
81660,1280
81663,2280
81679,1280
81698,2522
81708,2582
81712,1160
81714,1281
81717,1300
81721,1280
81725,1140
81729,2522
81736,1300
81737,10
81744,2522
81754,1280
81757,1160
81763,2280
81770,1160
81777,2582
81787,1160
81796,1281
81798,1160
81799,1280
81804,40
81810,2705
81813,2280
81822,2522
81827,2403
81829,10
81832,1160
81844,1140
81849,1560
81854,2403
81869,1280
81870,2905
81876,50
81878,2522
81879,1180
81895,1302
81897,2583
81906,1280
81910,1160
81913,1140
81920,1160
81936,1160
81937,1140
81945,1140
81953,2905
81954,1281
81969,50
81982,1300
81997,1160
82001,1140
82012,40
82013,2522
82028,1280
82032,2280
82035,2522
82038,2060
82043,1140
82052,1160
82054,1140
82073,40
82075,40
82077,1280
82086,2462
82090,1160
82095,1320
82096,1320
82097,2462
82098,10
82107,2462
82117,2403
82119,1300
82133,1140
82141,40
82143,1180
82144,10
82153,1160
82158,2582
82184,1280
82188,1140
82201,1160
82207,1301
82213,1180
82218,1160
82220,1180
82222,1160
82227,1300
82230,50
82232,1160
82234,1320
82238,2060
82247,1160
82253,2403
82254,40
82256,10
82261,1320
82263,2583
82275,1180
82277,1280
82279,1300
82281,1140
82290,2403
82294,1280
82300,10
82310,2060
82314,2403
82320,2403
82332,1280
82337,60
82345,1300
82369,1140
82370,2280
82375,1160
82379,10
82381,1280
82382,1160
82384,1300
82406,1160
82410,1300
82415,2522
82420,2583
82434,1300
82442,40
82449,1140
82450,1280
82453,1920
82455,40
82458,1140
82461,1320
82465,1140
82467,1160
82473,1160
82479,40
82480,2582
82483,1940
82484,50
82485,2280
82489,1140
82497,2522
82507,40
82514,1281
82516,1281
82519,1280
82522,40
82523,1300
82525,1300
82530,40
82539,40
82550,1140
82557,1300
82572,2522
82578,10
82580,40
82583,1281
82587,2462
82589,2585
82598,1940
82625,1940
82630,1160
82638,2462
82642,1180
82649,40
82651,1160
82653,40
82654,1160
82657,2462
82663,2220
82679,50
82683,1281
82701,2060
82703,1280
82705,2220
82707,1140
82719,1160
82720,40
82729,1302
82743,1140
82744,2462
82757,1300
82766,1280
82772,2280
82783,1160
82784,1560
82786,1320
82792,2582
82799,50
82813,1160
82814,1320
82816,1302
82821,1140
82834,1160
82835,1160
82836,1280
82850,1300
82897,1140
82912,1300
82915,2582
82920,1300
82933,1300
82945,40
82948,1160
82962,1140
82986,2280
82998,1140
83009,2403
83010,1180
83011,1160
83026,2522
83031,1280
83051,50
83060,2060
83061,10
83063,1280
83070,1180
83073,1300
83086,2583
83108,1300
83113,1300
83114,2583
83129,10
83144,1140
83156,1281
83164,1140
83165,40
83176,10
83179,1140
83181,1280
83182,1140
83186,2582
83207,40
83214,1140
83230,2582
83254,10
83277,1300
83278,2403
83279,1160
83288,10
83290,60
83293,10
83296,1300
83305,1320
83308,2403
83318,2582
83335,40
83339,2905
83357,1320
83360,40
83364,2582
83375,2582
83385,10
83386,1140
83387,1180
83398,2280
83419,1281
83449,2522
83457,2462
83468,1160
83471,40
83478,1280
83480,2403
83494,10
83506,2280
83511,1300
83515,40
83516,10
83528,1160
83531,2060
83534,10
83535,2403
83547,1560
83552,2403
83553,2403
83559,10
83563,10
83574,2585
83575,1300
83596,40
83602,1280
83617,1300
83620,1160
83624,1140
83627,1280
83631,10
83633,10
83634,10
83639,2522
83649,1320
83663,1140
83665,1300
83670,1300
83675,50
83683,2280
83688,2403
83696,1140
83699,1560
83707,40
83714,40
83716,1280
83729,1560
83730,1920
83734,10
83741,2280
83742,40
83748,2280
83753,1160
83762,2462
83764,1160
83777,40
83808,1280
83835,1300
83836,1300
83838,2280
83850,1140
83868,2582
83874,2403
83885,40
83890,1320
83891,2403
83910,50
83913,2280
83930,1280
83931,1560
83938,2583
83957,2582
83958,1280
83969,1160
83971,1160
83988,2582
83989,1560
83992,1280
83993,2462
83996,1300
83998,2522
84006,1300
84015,1140
84017,1281
84023,1300
84026,2403
84047,1140
84062,1140
84066,1160
84068,1160
84078,1920
84082,2403
84087,1320
84096,10
84099,1281
84126,1560
84132,40
84139,10
84141,1160
84157,1300
84175,10
84177,1280
84181,2462
84188,10
84193,1300
84197,1140
84200,2522
84204,2280
84206,1140
84211,1302
84214,1280
84217,1160
84227,2583
84241,1140
84246,50
84254,10
84269,10
84278,1140
84282,2582
84290,1280
84293,2522
84298,1300
84300,1160
84304,2585
84314,40
84317,40
84329,2462
84331,1140
84332,40
84339,1280
84343,2462
84350,1140
84357,1140
84358,1140
84361,1280
84366,1320
84371,10
84377,10
84384,1160
84389,2582
84395,1280
84398,1280
84400,1560
84408,10
84419,2462
84421,1281
84430,1160
84433,1280
84437,60
84442,1160
84444,1180
84445,1281
84446,2522
84448,2582
84450,2522
84451,1140
84455,1140
84459,1320
84471,10
84478,1140
84480,1160
84494,50
84499,2522
84517,1281
84520,1280
84532,2280
84538,1320
84562,1940
84563,2403
84568,2582
84580,1140
84584,1160
84589,1300
84590,1160
84604,1140
84607,1280
84614,2462
84617,2220
84622,1280
84635,1560
84643,1160
84644,10
84645,2060
84648,2582
84653,2462
84669,1300
84680,1160
84692,2403
84694,1300
84715,1160
84723,2582
84735,1160
84737,40
84751,2403
84752,2403
84758,1300
84780,40
84781,1160
84787,1300
84793,1300
84794,1560
84797,40
84816,2280
84817,40
84820,2403
84825,1280
84832,50
84839,1160
84841,40
84849,2403
84851,2462
84858,2522
84863,1300
84885,2582
84890,1300
84906,1140
84911,40
